Register_ID,Exception_ID,Dataset,Source_Row_Index,Source_Row_Number,Record_ID,Column,Issue_Type,Current_Value,Rule_ID,Rule_Type,Valid_Condition,Rule_Action,Rule_Reason,Severity,Severity_Rank,Status,Review_Priority,Recommended_Action,Review_Owner,Review_Decision,Resolution_Value,Resolution_Notes,Include_In_Trusted_Data,Requires_Source_Review,Created_From
REG-00001,REC-00001,Access_Control,17,19,ACC0018,Employee_ID,Operator reference not found,OP9999,RECONCILIATION-CHECK,Reconciliation,"Cross-dataset records should agree at shared operator, equipment, and event grains",Flag cross-dataset contradictions for source review,Reconciliation checks identify contradictions that cleaning alone cannot resolve,Critical,1,REVIEW_REQUIRED,P1,Confirm whether the operator exists or correct the operator identifier,Data quality reviewer,,,,No - unresolved critical exception,True,reconciliation_findings.csv
REG-00002,EXC-00044,Delays_Downtime,8,10,DLY0009,Start_Time|End_Time,Temporal contradiction,2026-07-03 12:00:00 -> 2026-07-03 11:30:00,DQ-0048,Temporal integrity,End_Time must be after Start_Time,Flag temporal contradictions for review,"Timestamp ordering affects duration, validity, or workflow status",Critical,1,REVIEW_REQUIRED,P1,Review source evidence before correcting,Operations data steward,,,,No - unresolved critical exception,True,exception_candidates.csv
REG-00003,EXC-00262,Environmental_Readings,1,3,ENV0002,Reading_Time|Calibration_Due,Temporal contradiction,2026-07-01 12:00:00 -> 2026-03-08,DQ-0060,Temporal integrity,Calibration_Due should not be before Reading_Time,Flag temporal contradictions for review,"Timestamp ordering affects duration, validity, or workflow status",Critical,1,REVIEW_REQUIRED,P1,Review source evidence before correcting,Operations data steward,,,,No - unresolved critical exception,True,exception_candidates.csv
REG-00004,EXC-00263,Environmental_Readings,33,35,ENV0034,Reading_Time|Calibration_Due,Temporal contradiction,2026-07-05 12:00:00 -> 2026-04-09,DQ-0060,Temporal integrity,Calibration_Due should not be before Reading_Time,Flag temporal contradictions for review,"Timestamp ordering affects duration, validity, or workflow status",Critical,1,REVIEW_REQUIRED,P1,Review source evidence before correcting,Operations data steward,,,,No - unresolved critical exception,True,exception_candidates.csv
REG-00005,REC-00010,Operator_Activities,5,7,ACT0006,Activity_Start|Activity_End,Activity overlaps recorded maintenance,2026-07-02 12:00:00 -> 2026-07-02 13:00:00,RECONCILIATION-CHECK,Reconciliation,"Cross-dataset records should agree at shared operator, equipment, and event grains",Flag cross-dataset contradictions for source review,Reconciliation checks identify contradictions that cleaning alone cannot resolve,Critical,1,REVIEW_REQUIRED,P1,Confirm whether the equipment was available for operation during maintenance,Data quality reviewer,,,,No - unresolved critical exception,True,reconciliation_findings.csv
REG-00006,REC-00011,Operator_Activities,9,11,ACT0010,Activity_Start|Activity_End,Activity overlaps recorded maintenance,2026-07-03 08:00:00 -> 2026-07-03 11:00:00,RECONCILIATION-CHECK,Reconciliation,"Cross-dataset records should agree at shared operator, equipment, and event grains",Flag cross-dataset contradictions for source review,Reconciliation checks identify contradictions that cleaning alone cannot resolve,Critical,1,REVIEW_REQUIRED,P1,Confirm whether the equipment was available for operation during maintenance,Data quality reviewer,,,,No - unresolved critical exception,True,reconciliation_findings.csv
REG-00007,REC-00012,Operator_Activities,11,13,ACT0012,Activity_Start|Activity_End,Activity overlaps recorded maintenance,2026-07-03 18:00:00 -> 2026-07-03 20:00:00,RECONCILIATION-CHECK,Reconciliation,"Cross-dataset records should agree at shared operator, equipment, and event grains",Flag cross-dataset contradictions for source review,Reconciliation checks identify contradictions that cleaning alone cannot resolve,Critical,1,REVIEW_REQUIRED,P1,Confirm whether the equipment was available for operation during maintenance,Data quality reviewer,,,,No - unresolved critical exception,True,reconciliation_findings.csv
REG-00008,EXC-00052,Operator_Activities,12,14,ACT0013,Activity_Start|Activity_End,Temporal contradiction,2026-07-03 23:00:00 -> 2026-07-03 21:00:00,DQ-0115,Temporal integrity,Activity_End must be after Activity_Start,Flag temporal contradictions for review,"Timestamp ordering affects duration, validity, or workflow status",Critical,1,REVIEW_REQUIRED,P1,Review source evidence before correcting,Operations data steward,,,,No - unresolved critical exception,True,exception_candidates.csv
REG-00009,REC-00013,Operator_Activities,17,19,ACT0018,Activity_Start|Activity_End,Activity overlaps recorded maintenance,2026-07-05 00:00:00 -> 2026-07-05 03:00:00,RECONCILIATION-CHECK,Reconciliation,"Cross-dataset records should agree at shared operator, equipment, and event grains",Flag cross-dataset contradictions for source review,Reconciliation checks identify contradictions that cleaning alone cannot resolve,Critical,1,REVIEW_REQUIRED,P1,Confirm whether the equipment was available for operation during maintenance,Data quality reviewer,,,,No - unresolved critical exception,True,reconciliation_findings.csv
REG-00010,REC-00014,Operator_Activities,25,27,ACT0026,Activity_Start|Activity_End,Activity overlaps recorded maintenance,2026-07-06 16:00:00 -> 2026-07-06 20:00:00,RECONCILIATION-CHECK,Reconciliation,"Cross-dataset records should agree at shared operator, equipment, and event grains",Flag cross-dataset contradictions for source review,Reconciliation checks identify contradictions that cleaning alone cannot resolve,Critical,1,REVIEW_REQUIRED,P1,Confirm whether the equipment was available for operation during maintenance,Data quality reviewer,,,,No - unresolved critical exception,True,reconciliation_findings.csv
REG-00011,REC-00015,Operator_Activities,26,28,ACT0027,Activity_Start|Activity_End,Activity overlaps recorded maintenance,2026-07-06 21:00:00 -> 2026-07-07 00:00:00,RECONCILIATION-CHECK,Reconciliation,"Cross-dataset records should agree at shared operator, equipment, and event grains",Flag cross-dataset contradictions for source review,Reconciliation checks identify contradictions that cleaning alone cannot resolve,Critical,1,REVIEW_REQUIRED,P1,Confirm whether the equipment was available for operation during maintenance,Data quality reviewer,,,,No - unresolved critical exception,True,reconciliation_findings.csv
REG-00012,REC-00016,Operator_Activities,27,29,ACT0028,Activity_Start|Activity_End,Activity overlaps recorded maintenance,2026-07-07 02:00:00 -> 2026-07-07 06:00:00,RECONCILIATION-CHECK,Reconciliation,"Cross-dataset records should agree at shared operator, equipment, and event grains",Flag cross-dataset contradictions for source review,Reconciliation checks identify contradictions that cleaning alone cannot resolve,Critical,1,REVIEW_REQUIRED,P1,Confirm whether the equipment was available for operation during maintenance,Data quality reviewer,,,,No - unresolved critical exception,True,reconciliation_findings.csv
REG-00013,REC-00017,Operator_Activities,29,31,ACT0030,Activity_Start|Activity_End,Activity overlaps recorded maintenance,2026-07-07 12:00:00 -> 2026-07-07 15:00:00,RECONCILIATION-CHECK,Reconciliation,"Cross-dataset records should agree at shared operator, equipment, and event grains",Flag cross-dataset contradictions for source review,Reconciliation checks identify contradictions that cleaning alone cannot resolve,Critical,1,REVIEW_REQUIRED,P1,Confirm whether the equipment was available for operation during maintenance,Data quality reviewer,,,,No - unresolved critical exception,True,reconciliation_findings.csv
REG-00014,REC-00018,Operator_Activities,30,32,ACT0031,Activity_Start|Activity_End,Activity overlaps recorded maintenance,2026-07-07 17:00:00 -> 2026-07-07 21:00:00,RECONCILIATION-CHECK,Reconciliation,"Cross-dataset records should agree at shared operator, equipment, and event grains",Flag cross-dataset contradictions for source review,Reconciliation checks identify contradictions that cleaning alone cannot resolve,Critical,1,REVIEW_REQUIRED,P1,Confirm whether the equipment was available for operation during maintenance,Data quality reviewer,,,,No - unresolved critical exception,True,reconciliation_findings.csv
REG-00015,EXC-00172,Safety_Observations,5,7,SAF0006,Observation_Date|Closed_Date,Temporal contradiction,2026-07-03 12:00:00 -> 2026-07-01 12:00:00,DQ-0154,Temporal integrity,Closed_Date must not be before Observation_Date when populated,Flag temporal contradictions for review,"Timestamp ordering affects duration, validity, or workflow status",Critical,1,REVIEW_REQUIRED,P1,Review source evidence before correcting,Operations data steward,,,,No - unresolved critical exception,True,exception_candidates.csv
REG-00016,EXC-00189,Training_Records,7,9,TRN0008,Completion_Date|Expiry_Date,Temporal contradiction,2025-05-01 -> 2025-04-11,DQ-0186,Temporal integrity,Expiry_Date must be after Completion_Date,Flag temporal contradictions for review,"Timestamp ordering affects duration, validity, or workflow status",Critical,1,REVIEW_REQUIRED,P1,Review source evidence before correcting,Operations data steward,,,,No - unresolved critical exception,True,exception_candidates.csv
REG-00017,REC-00019,Access_Control,37,39,ACC0038,Access_Result,Denied access during recorded activity,Denied,RECONCILIATION-CHECK,Reconciliation,"Cross-dataset records should agree at shared operator, equipment, and event grains",Flag cross-dataset contradictions for source review,Reconciliation checks identify contradictions that cleaning alone cannot resolve,High,2,REVIEW_REQUIRED,P2,Confirm whether the access denial or activity record is correct,Data quality reviewer,,,,Yes with documented caveat,True,reconciliation_findings.csv
REG-00018,REC-00020,Access_Control,38,40,ACC0039,Access_Result,Denied access during recorded activity,Denied,RECONCILIATION-CHECK,Reconciliation,"Cross-dataset records should agree at shared operator, equipment, and event grains",Flag cross-dataset contradictions for source review,Reconciliation checks identify contradictions that cleaning alone cannot resolve,High,2,REVIEW_REQUIRED,P2,Confirm whether the access denial or activity record is correct,Data quality reviewer,,,,Yes with documented caveat,True,reconciliation_findings.csv
REG-00019,EXC-00043,Delays_Downtime,5,7,DLY0006,Duration,Negative numeric value,-45.0,DQ-0037,Plausibility,Numeric value should not be negative unless the data dictionary permits it,Flag negative values for review,Numeric profile detected values below zero,High,2,REVIEW_REQUIRED,P2,Review source evidence before correcting,Domain subject-matter reviewer,,,,Yes with documented caveat,True,exception_candidates.csv
REG-00020,EXC-00261,Environmental_Readings,15,17,ENV0016,Value,Negative numeric value,-25.0,DQ-0064,Plausibility,Numeric value should not be negative unless the data dictionary permits it,Flag negative values for review,Numeric profile detected values below zero,High,2,REVIEW_REQUIRED,P2,Review source evidence before correcting,Domain subject-matter reviewer,,,,Yes with documented caveat,True,exception_candidates.csv
REG-00021,EXC-00190,Maintenance_Notifications,0,2,MNT0001,Downtime_Hours,Unparseable date/time,2,DQ-0093,Validity,Date/time values should parse to a single ISO date or datetime standard,Standardise parseable values and flag ambiguous or unparseable values,Profile shows date/time-like field requiring consistent parsing,High,2,REVIEW_REQUIRED,P2,Review source evidence before correcting,Operations data steward,,,,Review before time-based analysis,True,exception_candidates.csv
REG-00022,EXC-00191,Maintenance_Notifications,1,3,MNT0002,Downtime_Hours,Unparseable date/time,2,DQ-0093,Validity,Date/time values should parse to a single ISO date or datetime standard,Standardise parseable values and flag ambiguous or unparseable values,Profile shows date/time-like field requiring consistent parsing,High,2,REVIEW_REQUIRED,P2,Review source evidence before correcting,Operations data steward,,,,Review before time-based analysis,True,exception_candidates.csv
REG-00023,EXC-00192,Maintenance_Notifications,2,4,MNT0003,Downtime_Hours,Unparseable date/time,1,DQ-0093,Validity,Date/time values should parse to a single ISO date or datetime standard,Standardise parseable values and flag ambiguous or unparseable values,Profile shows date/time-like field requiring consistent parsing,High,2,REVIEW_REQUIRED,P2,Review source evidence before correcting,Operations data steward,,,,Review before time-based analysis,True,exception_candidates.csv
REG-00024,EXC-00193,Maintenance_Notifications,3,5,MNT0004,Downtime_Hours,Unparseable date/time,4,DQ-0093,Validity,Date/time values should parse to a single ISO date or datetime standard,Standardise parseable values and flag ambiguous or unparseable values,Profile shows date/time-like field requiring consistent parsing,High,2,REVIEW_REQUIRED,P2,Review source evidence before correcting,Operations data steward,,,,Review before time-based analysis,True,exception_candidates.csv
REG-00025,EXC-00194,Maintenance_Notifications,4,6,MNT0005,Downtime_Hours,Unparseable date/time,1,DQ-0093,Validity,Date/time values should parse to a single ISO date or datetime standard,Standardise parseable values and flag ambiguous or unparseable values,Profile shows date/time-like field requiring consistent parsing,High,2,REVIEW_REQUIRED,P2,Review source evidence before correcting,Operations data steward,,,,Review before time-based analysis,True,exception_candidates.csv
REG-00026,EXC-00195,Maintenance_Notifications,5,7,MNT0006,Downtime_Hours,Unparseable date/time,1,DQ-0093,Validity,Date/time values should parse to a single ISO date or datetime standard,Standardise parseable values and flag ambiguous or unparseable values,Profile shows date/time-like field requiring consistent parsing,High,2,REVIEW_REQUIRED,P2,Review source evidence before correcting,Operations data steward,,,,Review before time-based analysis,True,exception_candidates.csv
REG-00027,EXC-00196,Maintenance_Notifications,6,8,MNT0007,Downtime_Hours,Unparseable date/time,-4,DQ-0093,Validity,Date/time values should parse to a single ISO date or datetime standard,Standardise parseable values and flag ambiguous or unparseable values,Profile shows date/time-like field requiring consistent parsing,High,2,REVIEW_REQUIRED,P2,Review source evidence before correcting,Operations data steward,,,,Review before time-based analysis,True,exception_candidates.csv
REG-00028,EXC-00237,Maintenance_Notifications,6,8,MNT0007,Downtime_Hours,Negative numeric value,-4,DQ-0091,Plausibility,Numeric value should not be negative unless the data dictionary permits it,Flag negative values for review,Numeric profile detected values below zero,High,2,REVIEW_REQUIRED,P2,Review source evidence before correcting,Operations data steward,,,,Yes with documented caveat,True,exception_candidates.csv
REG-00029,EXC-00197,Maintenance_Notifications,7,9,MNT0008,Downtime_Hours,Unparseable date/time,4,DQ-0093,Validity,Date/time values should parse to a single ISO date or datetime standard,Standardise parseable values and flag ambiguous or unparseable values,Profile shows date/time-like field requiring consistent parsing,High,2,REVIEW_REQUIRED,P2,Review source evidence before correcting,Operations data steward,,,,Review before time-based analysis,True,exception_candidates.csv
REG-00030,EXC-00198,Maintenance_Notifications,8,10,MNT0009,Downtime_Hours,Unparseable date/time,2,DQ-0093,Validity,Date/time values should parse to a single ISO date or datetime standard,Standardise parseable values and flag ambiguous or unparseable values,Profile shows date/time-like field requiring consistent parsing,High,2,REVIEW_REQUIRED,P2,Review source evidence before correcting,Operations data steward,,,,Review before time-based analysis,True,exception_candidates.csv
REG-00031,EXC-00199,Maintenance_Notifications,9,11,MNT0010,Downtime_Hours,Unparseable date/time,1,DQ-0093,Validity,Date/time values should parse to a single ISO date or datetime standard,Standardise parseable values and flag ambiguous or unparseable values,Profile shows date/time-like field requiring consistent parsing,High,2,REVIEW_REQUIRED,P2,Review source evidence before correcting,Operations data steward,,,,Review before time-based analysis,True,exception_candidates.csv
REG-00032,EXC-00200,Maintenance_Notifications,10,12,MNT0011,Downtime_Hours,Unparseable date/time,2,DQ-0093,Validity,Date/time values should parse to a single ISO date or datetime standard,Standardise parseable values and flag ambiguous or unparseable values,Profile shows date/time-like field requiring consistent parsing,High,2,REVIEW_REQUIRED,P2,Review source evidence before correcting,Operations data steward,,,,Review before time-based analysis,True,exception_candidates.csv
REG-00033,EXC-00201,Maintenance_Notifications,11,13,MNT0012,Downtime_Hours,Unparseable date/time,2,DQ-0093,Validity,Date/time values should parse to a single ISO date or datetime standard,Standardise parseable values and flag ambiguous or unparseable values,Profile shows date/time-like field requiring consistent parsing,High,2,REVIEW_REQUIRED,P2,Review source evidence before correcting,Operations data steward,,,,Review before time-based analysis,True,exception_candidates.csv
REG-00034,EXC-00202,Maintenance_Notifications,12,14,MNT0013,Downtime_Hours,Unparseable date/time,2,DQ-0093,Validity,Date/time values should parse to a single ISO date or datetime standard,Standardise parseable values and flag ambiguous or unparseable values,Profile shows date/time-like field requiring consistent parsing,High,2,REVIEW_REQUIRED,P2,Review source evidence before correcting,Operations data steward,,,,Review before time-based analysis,True,exception_candidates.csv
REG-00035,EXC-00203,Maintenance_Notifications,13,15,MNT0014,Downtime_Hours,Unparseable date/time,4,DQ-0093,Validity,Date/time values should parse to a single ISO date or datetime standard,Standardise parseable values and flag ambiguous or unparseable values,Profile shows date/time-like field requiring consistent parsing,High,2,REVIEW_REQUIRED,P2,Review source evidence before correcting,Operations data steward,,,,Review before time-based analysis,True,exception_candidates.csv
REG-00036,EXC-00204,Maintenance_Notifications,14,16,MNT0015,Downtime_Hours,Unparseable date/time,8,DQ-0093,Validity,Date/time values should parse to a single ISO date or datetime standard,Standardise parseable values and flag ambiguous or unparseable values,Profile shows date/time-like field requiring consistent parsing,High,2,REVIEW_REQUIRED,P2,Review source evidence before correcting,Operations data steward,,,,Review before time-based analysis,True,exception_candidates.csv
REG-00037,EXC-00205,Maintenance_Notifications,15,17,MNT0016,Downtime_Hours,Unparseable date/time,8,DQ-0093,Validity,Date/time values should parse to a single ISO date or datetime standard,Standardise parseable values and flag ambiguous or unparseable values,Profile shows date/time-like field requiring consistent parsing,High,2,REVIEW_REQUIRED,P2,Review source evidence before correcting,Operations data steward,,,,Review before time-based analysis,True,exception_candidates.csv
REG-00038,EXC-00206,Maintenance_Notifications,16,18,MNT0017,Downtime_Hours,Unparseable date/time,1,DQ-0093,Validity,Date/time values should parse to a single ISO date or datetime standard,Standardise parseable values and flag ambiguous or unparseable values,Profile shows date/time-like field requiring consistent parsing,High,2,REVIEW_REQUIRED,P2,Review source evidence before correcting,Operations data steward,,,,Review before time-based analysis,True,exception_candidates.csv
REG-00039,EXC-00207,Maintenance_Notifications,17,19,MNT0018,Downtime_Hours,Unparseable date/time,2,DQ-0093,Validity,Date/time values should parse to a single ISO date or datetime standard,Standardise parseable values and flag ambiguous or unparseable values,Profile shows date/time-like field requiring consistent parsing,High,2,REVIEW_REQUIRED,P2,Review source evidence before correcting,Operations data steward,,,,Review before time-based analysis,True,exception_candidates.csv
REG-00040,EXC-00208,Maintenance_Notifications,18,20,MNT0019,Downtime_Hours,Unparseable date/time,4,DQ-0093,Validity,Date/time values should parse to a single ISO date or datetime standard,Standardise parseable values and flag ambiguous or unparseable values,Profile shows date/time-like field requiring consistent parsing,High,2,REVIEW_REQUIRED,P2,Review source evidence before correcting,Operations data steward,,,,Review before time-based analysis,True,exception_candidates.csv
REG-00041,EXC-00209,Maintenance_Notifications,19,21,MNT0020,Downtime_Hours,Unparseable date/time,2,DQ-0093,Validity,Date/time values should parse to a single ISO date or datetime standard,Standardise parseable values and flag ambiguous or unparseable values,Profile shows date/time-like field requiring consistent parsing,High,2,REVIEW_REQUIRED,P2,Review source evidence before correcting,Operations data steward,,,,Review before time-based analysis,True,exception_candidates.csv
REG-00042,EXC-00210,Maintenance_Notifications,20,22,MNT0021,Downtime_Hours,Unparseable date/time,2,DQ-0093,Validity,Date/time values should parse to a single ISO date or datetime standard,Standardise parseable values and flag ambiguous or unparseable values,Profile shows date/time-like field requiring consistent parsing,High,2,REVIEW_REQUIRED,P2,Review source evidence before correcting,Operations data steward,,,,Review before time-based analysis,True,exception_candidates.csv
REG-00043,EXC-00211,Maintenance_Notifications,21,23,MNT0022,Downtime_Hours,Unparseable date/time,2,DQ-0093,Validity,Date/time values should parse to a single ISO date or datetime standard,Standardise parseable values and flag ambiguous or unparseable values,Profile shows date/time-like field requiring consistent parsing,High,2,REVIEW_REQUIRED,P2,Review source evidence before correcting,Operations data steward,,,,Review before time-based analysis,True,exception_candidates.csv
REG-00044,EXC-00212,Maintenance_Notifications,22,24,MNT0023,Downtime_Hours,Unparseable date/time,8,DQ-0093,Validity,Date/time values should parse to a single ISO date or datetime standard,Standardise parseable values and flag ambiguous or unparseable values,Profile shows date/time-like field requiring consistent parsing,High,2,REVIEW_REQUIRED,P2,Review source evidence before correcting,Operations data steward,,,,Review before time-based analysis,True,exception_candidates.csv
REG-00045,EXC-00213,Maintenance_Notifications,23,25,MNT0024,Downtime_Hours,Unparseable date/time,8,DQ-0093,Validity,Date/time values should parse to a single ISO date or datetime standard,Standardise parseable values and flag ambiguous or unparseable values,Profile shows date/time-like field requiring consistent parsing,High,2,REVIEW_REQUIRED,P2,Review source evidence before correcting,Operations data steward,,,,Review before time-based analysis,True,exception_candidates.csv
REG-00046,EXC-00214,Maintenance_Notifications,24,26,MNT0025,Downtime_Hours,Unparseable date/time,8,DQ-0093,Validity,Date/time values should parse to a single ISO date or datetime standard,Standardise parseable values and flag ambiguous or unparseable values,Profile shows date/time-like field requiring consistent parsing,High,2,REVIEW_REQUIRED,P2,Review source evidence before correcting,Operations data steward,,,,Review before time-based analysis,True,exception_candidates.csv
REG-00047,EXC-00215,Maintenance_Notifications,25,27,MNT0026,Downtime_Hours,Unparseable date/time,4,DQ-0093,Validity,Date/time values should parse to a single ISO date or datetime standard,Standardise parseable values and flag ambiguous or unparseable values,Profile shows date/time-like field requiring consistent parsing,High,2,REVIEW_REQUIRED,P2,Review source evidence before correcting,Operations data steward,,,,Review before time-based analysis,True,exception_candidates.csv
REG-00048,EXC-00216,Maintenance_Notifications,26,28,MNT0027,Downtime_Hours,Unparseable date/time,2,DQ-0093,Validity,Date/time values should parse to a single ISO date or datetime standard,Standardise parseable values and flag ambiguous or unparseable values,Profile shows date/time-like field requiring consistent parsing,High,2,REVIEW_REQUIRED,P2,Review source evidence before correcting,Operations data steward,,,,Review before time-based analysis,True,exception_candidates.csv
REG-00049,EXC-00217,Maintenance_Notifications,27,29,MNT0028,Downtime_Hours,Unparseable date/time,1,DQ-0093,Validity,Date/time values should parse to a single ISO date or datetime standard,Standardise parseable values and flag ambiguous or unparseable values,Profile shows date/time-like field requiring consistent parsing,High,2,REVIEW_REQUIRED,P2,Review source evidence before correcting,Operations data steward,,,,Review before time-based analysis,True,exception_candidates.csv
REG-00050,EXC-00218,Maintenance_Notifications,28,30,MNT0029,Downtime_Hours,Unparseable date/time,18,DQ-0093,Validity,Date/time values should parse to a single ISO date or datetime standard,Standardise parseable values and flag ambiguous or unparseable values,Profile shows date/time-like field requiring consistent parsing,High,2,REVIEW_REQUIRED,P2,Review source evidence before correcting,Operations data steward,,,,Review before time-based analysis,True,exception_candidates.csv
REG-00051,EXC-00219,Maintenance_Notifications,29,31,MNT0030,Downtime_Hours,Unparseable date/time,1,DQ-0093,Validity,Date/time values should parse to a single ISO date or datetime standard,Standardise parseable values and flag ambiguous or unparseable values,Profile shows date/time-like field requiring consistent parsing,High,2,REVIEW_REQUIRED,P2,Review source evidence before correcting,Operations data steward,,,,Review before time-based analysis,True,exception_candidates.csv
REG-00052,EXC-00220,Maintenance_Notifications,30,32,MNT0031,Downtime_Hours,Unparseable date/time,8,DQ-0093,Validity,Date/time values should parse to a single ISO date or datetime standard,Standardise parseable values and flag ambiguous or unparseable values,Profile shows date/time-like field requiring consistent parsing,High,2,REVIEW_REQUIRED,P2,Review source evidence before correcting,Operations data steward,,,,Review before time-based analysis,True,exception_candidates.csv
REG-00053,EXC-00221,Maintenance_Notifications,31,33,MNT0032,Downtime_Hours,Unparseable date/time,2,DQ-0093,Validity,Date/time values should parse to a single ISO date or datetime standard,Standardise parseable values and flag ambiguous or unparseable values,Profile shows date/time-like field requiring consistent parsing,High,2,REVIEW_REQUIRED,P2,Review source evidence before correcting,Operations data steward,,,,Review before time-based analysis,True,exception_candidates.csv
REG-00054,EXC-00222,Maintenance_Notifications,32,34,MNT0033,Downtime_Hours,Unparseable date/time,2,DQ-0093,Validity,Date/time values should parse to a single ISO date or datetime standard,Standardise parseable values and flag ambiguous or unparseable values,Profile shows date/time-like field requiring consistent parsing,High,2,REVIEW_REQUIRED,P2,Review source evidence before correcting,Operations data steward,,,,Review before time-based analysis,True,exception_candidates.csv
REG-00055,EXC-00223,Maintenance_Notifications,33,35,MNT0034,Downtime_Hours,Unparseable date/time,4,DQ-0093,Validity,Date/time values should parse to a single ISO date or datetime standard,Standardise parseable values and flag ambiguous or unparseable values,Profile shows date/time-like field requiring consistent parsing,High,2,REVIEW_REQUIRED,P2,Review source evidence before correcting,Operations data steward,,,,Review before time-based analysis,True,exception_candidates.csv
REG-00056,EXC-00224,Maintenance_Notifications,34,36,MNT0035,Downtime_Hours,Unparseable date/time,8,DQ-0093,Validity,Date/time values should parse to a single ISO date or datetime standard,Standardise parseable values and flag ambiguous or unparseable values,Profile shows date/time-like field requiring consistent parsing,High,2,REVIEW_REQUIRED,P2,Review source evidence before correcting,Operations data steward,,,,Review before time-based analysis,True,exception_candidates.csv
REG-00057,EXC-00225,Maintenance_Notifications,35,37,MNT0036,Downtime_Hours,Unparseable date/time,2,DQ-0093,Validity,Date/time values should parse to a single ISO date or datetime standard,Standardise parseable values and flag ambiguous or unparseable values,Profile shows date/time-like field requiring consistent parsing,High,2,REVIEW_REQUIRED,P2,Review source evidence before correcting,Operations data steward,,,,Review before time-based analysis,True,exception_candidates.csv
REG-00058,EXC-00226,Maintenance_Notifications,36,38,MNT0037,Downtime_Hours,Unparseable date/time,8,DQ-0093,Validity,Date/time values should parse to a single ISO date or datetime standard,Standardise parseable values and flag ambiguous or unparseable values,Profile shows date/time-like field requiring consistent parsing,High,2,REVIEW_REQUIRED,P2,Review source evidence before correcting,Operations data steward,,,,Review before time-based analysis,True,exception_candidates.csv
REG-00059,EXC-00227,Maintenance_Notifications,37,39,MNT0038,Downtime_Hours,Unparseable date/time,1,DQ-0093,Validity,Date/time values should parse to a single ISO date or datetime standard,Standardise parseable values and flag ambiguous or unparseable values,Profile shows date/time-like field requiring consistent parsing,High,2,REVIEW_REQUIRED,P2,Review source evidence before correcting,Operations data steward,,,,Review before time-based analysis,True,exception_candidates.csv
REG-00060,EXC-00228,Maintenance_Notifications,38,40,MNT0039,Downtime_Hours,Unparseable date/time,4,DQ-0093,Validity,Date/time values should parse to a single ISO date or datetime standard,Standardise parseable values and flag ambiguous or unparseable values,Profile shows date/time-like field requiring consistent parsing,High,2,REVIEW_REQUIRED,P2,Review source evidence before correcting,Operations data steward,,,,Review before time-based analysis,True,exception_candidates.csv
REG-00061,EXC-00229,Maintenance_Notifications,39,41,MNT0040,Downtime_Hours,Unparseable date/time,8,DQ-0093,Validity,Date/time values should parse to a single ISO date or datetime standard,Standardise parseable values and flag ambiguous or unparseable values,Profile shows date/time-like field requiring consistent parsing,High,2,REVIEW_REQUIRED,P2,Review source evidence before correcting,Operations data steward,,,,Review before time-based analysis,True,exception_candidates.csv
REG-00062,EXC-00230,Maintenance_Notifications,40,42,MNT0041,Downtime_Hours,Unparseable date/time,1,DQ-0093,Validity,Date/time values should parse to a single ISO date or datetime standard,Standardise parseable values and flag ambiguous or unparseable values,Profile shows date/time-like field requiring consistent parsing,High,2,REVIEW_REQUIRED,P2,Review source evidence before correcting,Operations data steward,,,,Review before time-based analysis,True,exception_candidates.csv
REG-00063,EXC-00231,Maintenance_Notifications,41,43,MNT0042,Downtime_Hours,Unparseable date/time,8,DQ-0093,Validity,Date/time values should parse to a single ISO date or datetime standard,Standardise parseable values and flag ambiguous or unparseable values,Profile shows date/time-like field requiring consistent parsing,High,2,REVIEW_REQUIRED,P2,Review source evidence before correcting,Operations data steward,,,,Review before time-based analysis,True,exception_candidates.csv
REG-00064,EXC-00232,Maintenance_Notifications,42,44,MNT0043,Downtime_Hours,Unparseable date/time,8,DQ-0093,Validity,Date/time values should parse to a single ISO date or datetime standard,Standardise parseable values and flag ambiguous or unparseable values,Profile shows date/time-like field requiring consistent parsing,High,2,REVIEW_REQUIRED,P2,Review source evidence before correcting,Operations data steward,,,,Review before time-based analysis,True,exception_candidates.csv
REG-00065,EXC-00233,Maintenance_Notifications,43,45,MNT0044,Downtime_Hours,Unparseable date/time,8,DQ-0093,Validity,Date/time values should parse to a single ISO date or datetime standard,Standardise parseable values and flag ambiguous or unparseable values,Profile shows date/time-like field requiring consistent parsing,High,2,REVIEW_REQUIRED,P2,Review source evidence before correcting,Operations data steward,,,,Review before time-based analysis,True,exception_candidates.csv
REG-00066,EXC-00234,Maintenance_Notifications,44,46,MNT0045,Downtime_Hours,Unparseable date/time,2,DQ-0093,Validity,Date/time values should parse to a single ISO date or datetime standard,Standardise parseable values and flag ambiguous or unparseable values,Profile shows date/time-like field requiring consistent parsing,High,2,REVIEW_REQUIRED,P2,Review source evidence before correcting,Operations data steward,,,,Review before time-based analysis,True,exception_candidates.csv
REG-00067,EXC-00235,Maintenance_Notifications,45,47,MNT0009,Downtime_Hours,Unparseable date/time,2,DQ-0093,Validity,Date/time values should parse to a single ISO date or datetime standard,Standardise parseable values and flag ambiguous or unparseable values,Profile shows date/time-like field requiring consistent parsing,High,2,REVIEW_REQUIRED,P2,Review source evidence before correcting,Operations data steward,,,,Review before time-based analysis,True,exception_candidates.csv
REG-00068,REC-00003,Operator_Activities,0,2,ACT0001,Activity_Start|Activity_End,Activity overlaps recorded downtime,2026-07-01 11:00:00 -> 2026-07-01 15:00:00,RECONCILIATION-CHECK,Reconciliation,"Cross-dataset records should agree at shared operator, equipment, and event grains",Flag cross-dataset contradictions for source review,Reconciliation checks identify contradictions that cleaning alone cannot resolve,High,2,REVIEW_REQUIRED,P2,Confirm whether the activity or downtime interval is correct,Data quality reviewer,,,,Yes with documented caveat,True,reconciliation_findings.csv
REG-00069,REC-00004,Operator_Activities,1,3,ACT0002,Activity_Start|Activity_End,Activity overlaps recorded downtime,2026-07-01 16:00:00 -> 2026-07-01 19:00:00,RECONCILIATION-CHECK,Reconciliation,"Cross-dataset records should agree at shared operator, equipment, and event grains",Flag cross-dataset contradictions for source review,Reconciliation checks identify contradictions that cleaning alone cannot resolve,High,2,REVIEW_REQUIRED,P2,Confirm whether the activity or downtime interval is correct,Data quality reviewer,,,,Yes with documented caveat,True,reconciliation_findings.csv
REG-00070,REC-00002,Operator_Activities,28,30,ACT0029,Equipment_Name,Equipment reference not found,TRK-099,RECONCILIATION-CHECK,Reconciliation,"Cross-dataset records should agree at shared operator, equipment, and event grains",Flag cross-dataset contradictions for source review,Reconciliation checks identify contradictions that cleaning alone cannot resolve,High,2,REVIEW_REQUIRED,P2,Confirm whether the equipment exists or correct the equipment identifier,Data quality reviewer,,,,Yes with documented caveat,True,reconciliation_findings.csv
REG-00071,REC-00005,Operator_Activities,34,36,ACT0035,Activity_Start|Activity_End,Activity overlaps recorded downtime,2026-07-08 13:00:00 -> 2026-07-08 15:00:00,RECONCILIATION-CHECK,Reconciliation,"Cross-dataset records should agree at shared operator, equipment, and event grains",Flag cross-dataset contradictions for source review,Reconciliation checks identify contradictions that cleaning alone cannot resolve,High,2,REVIEW_REQUIRED,P2,Confirm whether the activity or downtime interval is correct,Data quality reviewer,,,,Yes with documented caveat,True,reconciliation_findings.csv
REG-00072,REC-00006,Operator_Activities,35,37,ACT0036,Activity_Start|Activity_End,Activity overlaps recorded downtime,2026-07-08 18:00:00 -> 2026-07-08 19:00:00,RECONCILIATION-CHECK,Reconciliation,"Cross-dataset records should agree at shared operator, equipment, and event grains",Flag cross-dataset contradictions for source review,Reconciliation checks identify contradictions that cleaning alone cannot resolve,High,2,REVIEW_REQUIRED,P2,Confirm whether the activity or downtime interval is correct,Data quality reviewer,,,,Yes with documented caveat,True,reconciliation_findings.csv
REG-00073,REC-00007,Operator_Activities,36,38,ACT0037,Activity_Start|Activity_End,Activity overlaps recorded downtime,2026-07-08 23:00:00 -> 2026-07-09 01:00:00,RECONCILIATION-CHECK,Reconciliation,"Cross-dataset records should agree at shared operator, equipment, and event grains",Flag cross-dataset contradictions for source review,Reconciliation checks identify contradictions that cleaning alone cannot resolve,High,2,REVIEW_REQUIRED,P2,Confirm whether the activity or downtime interval is correct,Data quality reviewer,,,,Yes with documented caveat,True,reconciliation_findings.csv
REG-00074,REC-00008,Operator_Activities,37,39,ACT0038,Activity_Start|Activity_End,Activity overlaps recorded downtime,2026-07-09 04:00:00 -> 2026-07-09 08:00:00,RECONCILIATION-CHECK,Reconciliation,"Cross-dataset records should agree at shared operator, equipment, and event grains",Flag cross-dataset contradictions for source review,Reconciliation checks identify contradictions that cleaning alone cannot resolve,High,2,REVIEW_REQUIRED,P2,Confirm whether the activity or downtime interval is correct,Data quality reviewer,,,,Yes with documented caveat,True,reconciliation_findings.csv
REG-00075,REC-00009,Operator_Activities,38,40,ACT0039,Activity_Start|Activity_End,Activity overlaps recorded downtime,2026-07-09 09:00:00 -> 2026-07-09 12:00:00,RECONCILIATION-CHECK,Reconciliation,"Cross-dataset records should agree at shared operator, equipment, and event grains",Flag cross-dataset contradictions for source review,Reconciliation checks identify contradictions that cleaning alone cannot resolve,High,2,REVIEW_REQUIRED,P2,Confirm whether the activity or downtime interval is correct,Data quality reviewer,,,,Yes with documented caveat,True,reconciliation_findings.csv
REG-00076,EXC-00053,Shift_Performance,0,2,SHF0001,Actual_Hours,Unparseable date/time,9,DQ-0164,Validity,Date/time values should parse to a single ISO date or datetime standard,Standardise parseable values and flag ambiguous or unparseable values,Profile shows date/time-like field requiring consistent parsing,High,2,REVIEW_REQUIRED,P2,Review source evidence before correcting,Data quality reviewer,,,,Review before time-based analysis,True,exception_candidates.csv
REG-00077,EXC-00054,Shift_Performance,1,3,SHF0002,Actual_Hours,Unparseable date/time,9,DQ-0164,Validity,Date/time values should parse to a single ISO date or datetime standard,Standardise parseable values and flag ambiguous or unparseable values,Profile shows date/time-like field requiring consistent parsing,High,2,REVIEW_REQUIRED,P2,Review source evidence before correcting,Data quality reviewer,,,,Review before time-based analysis,True,exception_candidates.csv
REG-00078,EXC-00055,Shift_Performance,2,4,SHF0003,Actual_Hours,Unparseable date/time,9,DQ-0164,Validity,Date/time values should parse to a single ISO date or datetime standard,Standardise parseable values and flag ambiguous or unparseable values,Profile shows date/time-like field requiring consistent parsing,High,2,REVIEW_REQUIRED,P2,Review source evidence before correcting,Data quality reviewer,,,,Review before time-based analysis,True,exception_candidates.csv
REG-00079,EXC-00056,Shift_Performance,3,5,SHF0004,Actual_Hours,Unparseable date/time,10,DQ-0164,Validity,Date/time values should parse to a single ISO date or datetime standard,Standardise parseable values and flag ambiguous or unparseable values,Profile shows date/time-like field requiring consistent parsing,High,2,REVIEW_REQUIRED,P2,Review source evidence before correcting,Data quality reviewer,,,,Review before time-based analysis,True,exception_candidates.csv
REG-00080,EXC-00057,Shift_Performance,4,6,SHF0005,Actual_Hours,Unparseable date/time,26,DQ-0164,Validity,Date/time values should parse to a single ISO date or datetime standard,Standardise parseable values and flag ambiguous or unparseable values,Profile shows date/time-like field requiring consistent parsing,High,2,REVIEW_REQUIRED,P2,Review source evidence before correcting,Data quality reviewer,,,,Review before time-based analysis,True,exception_candidates.csv
REG-00081,EXC-00058,Shift_Performance,5,7,SHF0006,Actual_Hours,Unparseable date/time,8,DQ-0164,Validity,Date/time values should parse to a single ISO date or datetime standard,Standardise parseable values and flag ambiguous or unparseable values,Profile shows date/time-like field requiring consistent parsing,High,2,REVIEW_REQUIRED,P2,Review source evidence before correcting,Data quality reviewer,,,,Review before time-based analysis,True,exception_candidates.csv
REG-00082,EXC-00059,Shift_Performance,6,8,SHF0007,Actual_Hours,Unparseable date/time,11,DQ-0164,Validity,Date/time values should parse to a single ISO date or datetime standard,Standardise parseable values and flag ambiguous or unparseable values,Profile shows date/time-like field requiring consistent parsing,High,2,REVIEW_REQUIRED,P2,Review source evidence before correcting,Data quality reviewer,,,,Review before time-based analysis,True,exception_candidates.csv
REG-00083,EXC-00060,Shift_Performance,7,9,SHF0008,Actual_Hours,Unparseable date/time,10,DQ-0164,Validity,Date/time values should parse to a single ISO date or datetime standard,Standardise parseable values and flag ambiguous or unparseable values,Profile shows date/time-like field requiring consistent parsing,High,2,REVIEW_REQUIRED,P2,Review source evidence before correcting,Data quality reviewer,,,,Review before time-based analysis,True,exception_candidates.csv
REG-00084,EXC-00061,Shift_Performance,8,10,SHF0009,Actual_Hours,Unparseable date/time,11,DQ-0164,Validity,Date/time values should parse to a single ISO date or datetime standard,Standardise parseable values and flag ambiguous or unparseable values,Profile shows date/time-like field requiring consistent parsing,High,2,REVIEW_REQUIRED,P2,Review source evidence before correcting,Data quality reviewer,,,,Review before time-based analysis,True,exception_candidates.csv
REG-00085,EXC-00062,Shift_Performance,9,11,SHF0010,Actual_Hours,Unparseable date/time,9,DQ-0164,Validity,Date/time values should parse to a single ISO date or datetime standard,Standardise parseable values and flag ambiguous or unparseable values,Profile shows date/time-like field requiring consistent parsing,High,2,REVIEW_REQUIRED,P2,Review source evidence before correcting,Data quality reviewer,,,,Review before time-based analysis,True,exception_candidates.csv
REG-00086,EXC-00063,Shift_Performance,10,12,SHF0011,Actual_Hours,Unparseable date/time,9,DQ-0164,Validity,Date/time values should parse to a single ISO date or datetime standard,Standardise parseable values and flag ambiguous or unparseable values,Profile shows date/time-like field requiring consistent parsing,High,2,REVIEW_REQUIRED,P2,Review source evidence before correcting,Data quality reviewer,,,,Review before time-based analysis,True,exception_candidates.csv
REG-00087,EXC-00064,Shift_Performance,11,13,SHF0012,Actual_Hours,Unparseable date/time,9,DQ-0164,Validity,Date/time values should parse to a single ISO date or datetime standard,Standardise parseable values and flag ambiguous or unparseable values,Profile shows date/time-like field requiring consistent parsing,High,2,REVIEW_REQUIRED,P2,Review source evidence before correcting,Data quality reviewer,,,,Review before time-based analysis,True,exception_candidates.csv
REG-00088,EXC-00065,Shift_Performance,12,14,SHF0013,Actual_Hours,Unparseable date/time,10,DQ-0164,Validity,Date/time values should parse to a single ISO date or datetime standard,Standardise parseable values and flag ambiguous or unparseable values,Profile shows date/time-like field requiring consistent parsing,High,2,REVIEW_REQUIRED,P2,Review source evidence before correcting,Data quality reviewer,,,,Review before time-based analysis,True,exception_candidates.csv
REG-00089,EXC-00066,Shift_Performance,13,15,SHF0014,Actual_Hours,Unparseable date/time,10,DQ-0164,Validity,Date/time values should parse to a single ISO date or datetime standard,Standardise parseable values and flag ambiguous or unparseable values,Profile shows date/time-like field requiring consistent parsing,High,2,REVIEW_REQUIRED,P2,Review source evidence before correcting,Data quality reviewer,,,,Review before time-based analysis,True,exception_candidates.csv
REG-00090,EXC-00107,Shift_Performance,13,15,SHF0014,Loads,Negative numeric value,-3,DQ-0173,Plausibility,Numeric value should not be negative unless the data dictionary permits it,Flag negative values for review,Numeric profile detected values below zero,High,2,REVIEW_REQUIRED,P2,Review source evidence before correcting,Domain subject-matter reviewer,,,,Yes with documented caveat,True,exception_candidates.csv
REG-00091,EXC-00067,Shift_Performance,14,16,SHF0015,Actual_Hours,Unparseable date/time,11,DQ-0164,Validity,Date/time values should parse to a single ISO date or datetime standard,Standardise parseable values and flag ambiguous or unparseable values,Profile shows date/time-like field requiring consistent parsing,High,2,REVIEW_REQUIRED,P2,Review source evidence before correcting,Data quality reviewer,,,,Review before time-based analysis,True,exception_candidates.csv
REG-00092,EXC-00068,Shift_Performance,15,17,SHF0016,Actual_Hours,Unparseable date/time,10,DQ-0164,Validity,Date/time values should parse to a single ISO date or datetime standard,Standardise parseable values and flag ambiguous or unparseable values,Profile shows date/time-like field requiring consistent parsing,High,2,REVIEW_REQUIRED,P2,Review source evidence before correcting,Data quality reviewer,,,,Review before time-based analysis,True,exception_candidates.csv
REG-00093,EXC-00069,Shift_Performance,16,18,SHF0017,Actual_Hours,Unparseable date/time,11,DQ-0164,Validity,Date/time values should parse to a single ISO date or datetime standard,Standardise parseable values and flag ambiguous or unparseable values,Profile shows date/time-like field requiring consistent parsing,High,2,REVIEW_REQUIRED,P2,Review source evidence before correcting,Data quality reviewer,,,,Review before time-based analysis,True,exception_candidates.csv
REG-00094,EXC-00070,Shift_Performance,17,19,SHF0018,Actual_Hours,Unparseable date/time,8,DQ-0164,Validity,Date/time values should parse to a single ISO date or datetime standard,Standardise parseable values and flag ambiguous or unparseable values,Profile shows date/time-like field requiring consistent parsing,High,2,REVIEW_REQUIRED,P2,Review source evidence before correcting,Data quality reviewer,,,,Review before time-based analysis,True,exception_candidates.csv
REG-00095,EXC-00071,Shift_Performance,18,20,SHF0019,Actual_Hours,Unparseable date/time,9,DQ-0164,Validity,Date/time values should parse to a single ISO date or datetime standard,Standardise parseable values and flag ambiguous or unparseable values,Profile shows date/time-like field requiring consistent parsing,High,2,REVIEW_REQUIRED,P2,Review source evidence before correcting,Data quality reviewer,,,,Review before time-based analysis,True,exception_candidates.csv
REG-00096,EXC-00072,Shift_Performance,19,21,SHF0020,Actual_Hours,Unparseable date/time,11,DQ-0164,Validity,Date/time values should parse to a single ISO date or datetime standard,Standardise parseable values and flag ambiguous or unparseable values,Profile shows date/time-like field requiring consistent parsing,High,2,REVIEW_REQUIRED,P2,Review source evidence before correcting,Data quality reviewer,,,,Review before time-based analysis,True,exception_candidates.csv
REG-00097,EXC-00073,Shift_Performance,20,22,SHF0021,Actual_Hours,Unparseable date/time,11,DQ-0164,Validity,Date/time values should parse to a single ISO date or datetime standard,Standardise parseable values and flag ambiguous or unparseable values,Profile shows date/time-like field requiring consistent parsing,High,2,REVIEW_REQUIRED,P2,Review source evidence before correcting,Data quality reviewer,,,,Review before time-based analysis,True,exception_candidates.csv
REG-00098,EXC-00074,Shift_Performance,21,23,SHF0022,Actual_Hours,Unparseable date/time,8,DQ-0164,Validity,Date/time values should parse to a single ISO date or datetime standard,Standardise parseable values and flag ambiguous or unparseable values,Profile shows date/time-like field requiring consistent parsing,High,2,REVIEW_REQUIRED,P2,Review source evidence before correcting,Data quality reviewer,,,,Review before time-based analysis,True,exception_candidates.csv
REG-00099,EXC-00075,Shift_Performance,22,24,SHF0023,Actual_Hours,Unparseable date/time,9,DQ-0164,Validity,Date/time values should parse to a single ISO date or datetime standard,Standardise parseable values and flag ambiguous or unparseable values,Profile shows date/time-like field requiring consistent parsing,High,2,REVIEW_REQUIRED,P2,Review source evidence before correcting,Data quality reviewer,,,,Review before time-based analysis,True,exception_candidates.csv
REG-00100,EXC-00076,Shift_Performance,23,25,SHF0024,Actual_Hours,Unparseable date/time,9,DQ-0164,Validity,Date/time values should parse to a single ISO date or datetime standard,Standardise parseable values and flag ambiguous or unparseable values,Profile shows date/time-like field requiring consistent parsing,High,2,REVIEW_REQUIRED,P2,Review source evidence before correcting,Data quality reviewer,,,,Review before time-based analysis,True,exception_candidates.csv
REG-00101,EXC-00077,Shift_Performance,24,26,SHF0025,Actual_Hours,Unparseable date/time,10,DQ-0164,Validity,Date/time values should parse to a single ISO date or datetime standard,Standardise parseable values and flag ambiguous or unparseable values,Profile shows date/time-like field requiring consistent parsing,High,2,REVIEW_REQUIRED,P2,Review source evidence before correcting,Data quality reviewer,,,,Review before time-based analysis,True,exception_candidates.csv
REG-00102,EXC-00078,Shift_Performance,25,27,SHF0026,Actual_Hours,Unparseable date/time,11,DQ-0164,Validity,Date/time values should parse to a single ISO date or datetime standard,Standardise parseable values and flag ambiguous or unparseable values,Profile shows date/time-like field requiring consistent parsing,High,2,REVIEW_REQUIRED,P2,Review source evidence before correcting,Data quality reviewer,,,,Review before time-based analysis,True,exception_candidates.csv
REG-00103,EXC-00079,Shift_Performance,26,28,SHF0027,Actual_Hours,Unparseable date/time,12,DQ-0164,Validity,Date/time values should parse to a single ISO date or datetime standard,Standardise parseable values and flag ambiguous or unparseable values,Profile shows date/time-like field requiring consistent parsing,High,2,REVIEW_REQUIRED,P2,Review source evidence before correcting,Data quality reviewer,,,,Review before time-based analysis,True,exception_candidates.csv
REG-00104,EXC-00080,Shift_Performance,27,29,SHF0028,Actual_Hours,Unparseable date/time,8,DQ-0164,Validity,Date/time values should parse to a single ISO date or datetime standard,Standardise parseable values and flag ambiguous or unparseable values,Profile shows date/time-like field requiring consistent parsing,High,2,REVIEW_REQUIRED,P2,Review source evidence before correcting,Data quality reviewer,,,,Review before time-based analysis,True,exception_candidates.csv
REG-00105,EXC-00081,Shift_Performance,28,30,SHF0029,Actual_Hours,Unparseable date/time,12,DQ-0164,Validity,Date/time values should parse to a single ISO date or datetime standard,Standardise parseable values and flag ambiguous or unparseable values,Profile shows date/time-like field requiring consistent parsing,High,2,REVIEW_REQUIRED,P2,Review source evidence before correcting,Data quality reviewer,,,,Review before time-based analysis,True,exception_candidates.csv
REG-00106,EXC-00082,Shift_Performance,29,31,SHF0030,Actual_Hours,Unparseable date/time,12,DQ-0164,Validity,Date/time values should parse to a single ISO date or datetime standard,Standardise parseable values and flag ambiguous or unparseable values,Profile shows date/time-like field requiring consistent parsing,High,2,REVIEW_REQUIRED,P2,Review source evidence before correcting,Data quality reviewer,,,,Review before time-based analysis,True,exception_candidates.csv
REG-00107,EXC-00083,Shift_Performance,30,32,SHF0031,Actual_Hours,Unparseable date/time,12,DQ-0164,Validity,Date/time values should parse to a single ISO date or datetime standard,Standardise parseable values and flag ambiguous or unparseable values,Profile shows date/time-like field requiring consistent parsing,High,2,REVIEW_REQUIRED,P2,Review source evidence before correcting,Data quality reviewer,,,,Review before time-based analysis,True,exception_candidates.csv
REG-00108,EXC-00084,Shift_Performance,31,33,SHF0032,Actual_Hours,Unparseable date/time,10,DQ-0164,Validity,Date/time values should parse to a single ISO date or datetime standard,Standardise parseable values and flag ambiguous or unparseable values,Profile shows date/time-like field requiring consistent parsing,High,2,REVIEW_REQUIRED,P2,Review source evidence before correcting,Data quality reviewer,,,,Review before time-based analysis,True,exception_candidates.csv
REG-00109,EXC-00085,Shift_Performance,32,34,SHF0033,Actual_Hours,Unparseable date/time,12,DQ-0164,Validity,Date/time values should parse to a single ISO date or datetime standard,Standardise parseable values and flag ambiguous or unparseable values,Profile shows date/time-like field requiring consistent parsing,High,2,REVIEW_REQUIRED,P2,Review source evidence before correcting,Data quality reviewer,,,,Review before time-based analysis,True,exception_candidates.csv
REG-00110,EXC-00108,Shift_Performance,32,34,SHF0033,Availability_Pct,Percentage outside expected 0 to 1 range,1.35,DQ-0165,Plausibility,Percentage fields should be within the documented percentage scale,Flag values outside the expected range before analysis,Percentage metrics must be bounded before performance reporting,High,2,REVIEW_REQUIRED,P2,Review source evidence before correcting,Domain subject-matter reviewer,,,,Yes with documented caveat,True,exception_candidates.csv
REG-00111,EXC-00086,Shift_Performance,33,35,SHF0034,Actual_Hours,Unparseable date/time,8,DQ-0164,Validity,Date/time values should parse to a single ISO date or datetime standard,Standardise parseable values and flag ambiguous or unparseable values,Profile shows date/time-like field requiring consistent parsing,High,2,REVIEW_REQUIRED,P2,Review source evidence before correcting,Data quality reviewer,,,,Review before time-based analysis,True,exception_candidates.csv
REG-00112,EXC-00087,Shift_Performance,34,36,SHF0035,Actual_Hours,Unparseable date/time,8,DQ-0164,Validity,Date/time values should parse to a single ISO date or datetime standard,Standardise parseable values and flag ambiguous or unparseable values,Profile shows date/time-like field requiring consistent parsing,High,2,REVIEW_REQUIRED,P2,Review source evidence before correcting,Data quality reviewer,,,,Review before time-based analysis,True,exception_candidates.csv
REG-00113,EXC-00088,Shift_Performance,35,37,SHF0036,Actual_Hours,Unparseable date/time,11,DQ-0164,Validity,Date/time values should parse to a single ISO date or datetime standard,Standardise parseable values and flag ambiguous or unparseable values,Profile shows date/time-like field requiring consistent parsing,High,2,REVIEW_REQUIRED,P2,Review source evidence before correcting,Data quality reviewer,,,,Review before time-based analysis,True,exception_candidates.csv
REG-00114,EXC-00089,Shift_Performance,36,38,SHF0037,Actual_Hours,Unparseable date/time,10,DQ-0164,Validity,Date/time values should parse to a single ISO date or datetime standard,Standardise parseable values and flag ambiguous or unparseable values,Profile shows date/time-like field requiring consistent parsing,High,2,REVIEW_REQUIRED,P2,Review source evidence before correcting,Data quality reviewer,,,,Review before time-based analysis,True,exception_candidates.csv
REG-00115,EXC-00090,Shift_Performance,37,39,SHF0038,Actual_Hours,Unparseable date/time,11,DQ-0164,Validity,Date/time values should parse to a single ISO date or datetime standard,Standardise parseable values and flag ambiguous or unparseable values,Profile shows date/time-like field requiring consistent parsing,High,2,REVIEW_REQUIRED,P2,Review source evidence before correcting,Data quality reviewer,,,,Review before time-based analysis,True,exception_candidates.csv
REG-00116,EXC-00091,Shift_Performance,38,40,SHF0039,Actual_Hours,Unparseable date/time,8,DQ-0164,Validity,Date/time values should parse to a single ISO date or datetime standard,Standardise parseable values and flag ambiguous or unparseable values,Profile shows date/time-like field requiring consistent parsing,High,2,REVIEW_REQUIRED,P2,Review source evidence before correcting,Data quality reviewer,,,,Review before time-based analysis,True,exception_candidates.csv
REG-00117,EXC-00092,Shift_Performance,39,41,SHF0040,Actual_Hours,Unparseable date/time,10,DQ-0164,Validity,Date/time values should parse to a single ISO date or datetime standard,Standardise parseable values and flag ambiguous or unparseable values,Profile shows date/time-like field requiring consistent parsing,High,2,REVIEW_REQUIRED,P2,Review source evidence before correcting,Data quality reviewer,,,,Review before time-based analysis,True,exception_candidates.csv
REG-00118,EXC-00093,Shift_Performance,40,42,SHF0041,Actual_Hours,Unparseable date/time,12,DQ-0164,Validity,Date/time values should parse to a single ISO date or datetime standard,Standardise parseable values and flag ambiguous or unparseable values,Profile shows date/time-like field requiring consistent parsing,High,2,REVIEW_REQUIRED,P2,Review source evidence before correcting,Data quality reviewer,,,,Review before time-based analysis,True,exception_candidates.csv
REG-00119,EXC-00094,Shift_Performance,41,43,SHF0042,Actual_Hours,Unparseable date/time,10,DQ-0164,Validity,Date/time values should parse to a single ISO date or datetime standard,Standardise parseable values and flag ambiguous or unparseable values,Profile shows date/time-like field requiring consistent parsing,High,2,REVIEW_REQUIRED,P2,Review source evidence before correcting,Data quality reviewer,,,,Review before time-based analysis,True,exception_candidates.csv
REG-00120,EXC-00095,Shift_Performance,42,44,SHF0043,Actual_Hours,Unparseable date/time,9,DQ-0164,Validity,Date/time values should parse to a single ISO date or datetime standard,Standardise parseable values and flag ambiguous or unparseable values,Profile shows date/time-like field requiring consistent parsing,High,2,REVIEW_REQUIRED,P2,Review source evidence before correcting,Data quality reviewer,,,,Review before time-based analysis,True,exception_candidates.csv
REG-00121,EXC-00096,Shift_Performance,43,45,SHF0044,Actual_Hours,Unparseable date/time,9,DQ-0164,Validity,Date/time values should parse to a single ISO date or datetime standard,Standardise parseable values and flag ambiguous or unparseable values,Profile shows date/time-like field requiring consistent parsing,High,2,REVIEW_REQUIRED,P2,Review source evidence before correcting,Data quality reviewer,,,,Review before time-based analysis,True,exception_candidates.csv
REG-00122,EXC-00097,Shift_Performance,44,46,SHF0045,Actual_Hours,Unparseable date/time,9,DQ-0164,Validity,Date/time values should parse to a single ISO date or datetime standard,Standardise parseable values and flag ambiguous or unparseable values,Profile shows date/time-like field requiring consistent parsing,High,2,REVIEW_REQUIRED,P2,Review source evidence before correcting,Data quality reviewer,,,,Review before time-based analysis,True,exception_candidates.csv
REG-00123,EXC-00098,Shift_Performance,45,47,SHF0008,Actual_Hours,Unparseable date/time,10,DQ-0164,Validity,Date/time values should parse to a single ISO date or datetime standard,Standardise parseable values and flag ambiguous or unparseable values,Profile shows date/time-like field requiring consistent parsing,High,2,REVIEW_REQUIRED,P2,Review source evidence before correcting,Data quality reviewer,,,,Review before time-based analysis,True,exception_candidates.csv
REG-00124,EXC-00188,Training_Records,22,24,TRN0023,Score,Score outside 0 to 100 range,145,DQ-0204,Plausibility,Scores should be between 0 and 100,Flag scores outside 0 to 100,Training score profile indicates values may exceed expected score range,High,2,REVIEW_REQUIRED,P2,Review source evidence before correcting,Domain subject-matter reviewer,,,,Yes with documented caveat,True,exception_candidates.csv
