Rule_ID,Dataset,Column,Rule_Type,Valid_Condition,Action,Auto_Correct_Allowed,Severity,Reason,Rule_Source,Evidence
DQ-0001,Access_Control,Access_Event_ID,Completeness,Primary identifier must be populated,Flag missing primary identifiers as exceptions,False,Critical,Blank primary identifiers break traceability,Generated from datasheet-column-level.csv,Missing_Count=0
DQ-0002,Access_Control,Access_Event_ID,Uniqueness,Identifier should be unique at the dataset grain,Flag duplicate identifiers and retain raw rows for review,False,Critical,Primary identifier duplication breaks trusted row grain,Generated from datasheet-column-level.csv,Row_Count=46; Unique_Count=45; Duplicate_Value_Count=2
DQ-0003,Access_Control,Access_Event_ID,Validity,Identifier should match ACC followed by four digits,Flag missing or malformed identifier values,False,High,Identifier format supports row-level audit and joins,Generated from datasheet-column-level.csv,Column ends with _ID; Unique_Count=45
DQ-0004,Access_Control,Access_Point,Validity,Low-cardinality categorical values should use a controlled vocabulary,Standardise known casing or spelling variants and flag unknown categories,True,Medium,Profile shows a small set of repeated categorical values,Generated from datasheet-column-level.csv,Unique_Count=3; Sample_Values=Main Gate | Plant Turnstile | Main Gate
DQ-0005,Access_Control,Access_Result,Validity,Low-cardinality categorical values should use a controlled vocabulary,Standardise known casing or spelling variants and flag unknown categories,True,Medium,Profile shows a small set of repeated categorical values,Generated from datasheet-column-level.csv,Unique_Count=3; Sample_Values=granted | Granted | Denied
DQ-0006,Access_Control,Badge_ID,Completeness,Missing values must be explained by a valid business reason,Flag missing values for review before trusted use,False,High,Profiling detected missing values in this column,Generated from missing-value_profile.csv,Missing_Count=1; Missing_Pct=2.17
DQ-0007,Access_Control,Badge_ID,Privacy,Potentially sensitive fields should be purpose-limited before analytical use,Flag field for privacy-aware handling in cleaned and trusted layers,False,High,"Privacy inventory detected identity, proxy, or sensitive attribute",Generated from privacy_sensitive_fields.csv,Potential_Sensitivity=True
DQ-0008,Access_Control,Badge_ID,Validity,Identifier should match BDG dash four digits,Flag missing or malformed identifier values,False,High,Identifier format supports row-level audit and joins,Generated from datasheet-column-level.csv,Column ends with _ID; Unique_Count=8
DQ-0009,Access_Control,"Badge_ID, Employee_ID, Employee_Name",Data dictionary guidance,Purpose-limit access and avoid unnecessary exposure,"Use this guidance to decide whether to auto-correct, flag, exclude, or reconcile",False,High,Access and identity data,Generated from data_dictionary.csv,Sensitivity=Personal
DQ-0010,Access_Control,Contractor_Group,Validity,Low-cardinality categorical values should use a controlled vocabulary,Standardise known casing or spelling variants and flag unknown categories,True,Medium,Profile shows a small set of repeated categorical values,Generated from datasheet-column-level.csv,Unique_Count=3; Sample_Values=Contractor-B | Contractor-A | Contractor-C
DQ-0011,Access_Control,Device_ID,Validity,Identifier should match DEV dash digits,Flag missing or malformed identifier values,False,High,Identifier format supports row-level audit and joins,Generated from datasheet-column-level.csv,Column ends with _ID; Unique_Count=4
DQ-0012,Access_Control,Direction,Validity,Low-cardinality categorical values should use a controlled vocabulary,Standardise known casing or spelling variants and flag unknown categories,True,Medium,Profile shows a small set of repeated categorical values,Generated from datasheet-column-level.csv,Unique_Count=4; Sample_Values=OUT | Entry | Exit
DQ-0013,Access_Control,Employee_ID,Privacy,Potentially sensitive fields should be purpose-limited before analytical use,Flag field for privacy-aware handling in cleaned and trusted layers,False,High,"Privacy inventory detected identity, proxy, or sensitive attribute",Generated from privacy_sensitive_fields.csv,Potential_Sensitivity=True
DQ-0014,Access_Control,Employee_ID,Validity,Identifier should match OP followed by four digits unless explicitly external,Flag missing or malformed identifier values,False,High,Identifier format supports row-level audit and joins,Generated from datasheet-column-level.csv,Column ends with _ID; Unique_Count=9
DQ-0015,Access_Control,Employee_Name,Privacy,Potentially sensitive fields should be purpose-limited before analytical use,Flag field for privacy-aware handling in cleaned and trusted layers,False,High,"Privacy inventory detected identity, proxy, or sensitive attribute",Generated from privacy_sensitive_fields.csv,Potential_Sensitivity=True
DQ-0016,Access_Control,Employee_Name,Validity,Low-cardinality categorical values should use a controlled vocabulary,Standardise known casing or spelling variants and flag unknown categories,True,Medium,Profile shows a small set of repeated categorical values,Generated from datasheet-column-level.csv,Unique_Count=8; Sample_Values=Aisha Naidoo | Thabo Dlamini | Mia Jacobs
DQ-0017,Access_Control,Entire row,Uniqueness,Exact duplicate rows should not appear in the trusted layer,Flag duplicate rows and exclude later duplicates only after logging,False,High,Exact duplicate rows can inflate operational counts,Generated from datasheet_Highlevel_inventory.csv,Duplicate_Rows_Detected=1
DQ-0018,Access_Control,Event_Time,Validity,Date/time values should parse to a single ISO date or datetime standard,Standardise parseable values and flag ambiguous or unparseable values,True,High,Profile shows date/time-like field requiring consistent parsing,Generated from datasheet-column-level.csv,Sample_Values=01/07/2026 10:00 | 07/01/2026 02:00 PM | 2026/07/01 18:00
DQ-0019,Access_Control,Home_Zone,Privacy,Potentially sensitive fields should be purpose-limited before analytical use,Flag field for privacy-aware handling in cleaned and trusted layers,False,High,"Privacy inventory detected identity, proxy, or sensitive attribute",Generated from privacy_sensitive_fields.csv,Potential_Sensitivity=True
DQ-0020,Access_Control,Home_Zone,Validity,Low-cardinality categorical values should use a controlled vocabulary,Standardise known casing or spelling variants and flag unknown categories,True,Medium,Profile shows a small set of repeated categorical values,Generated from datasheet-column-level.csv,Unique_Count=4; Sample_Values=Zone-West | Zone-East | Zone-South
DQ-0021,Access_Control,"Home_Zone, Contractor_Group",Data dictionary guidance,Do not treat as performance drivers without justification,"Use this guidance to decide whether to auto-correct, flag, exclude, or reconcile",False,High,Proxy attributes,Generated from data_dictionary.csv,Sensitivity=Potentially sensitive
DQ-0022,Access_Control,Reason,Completeness,Missing values must be explained by a valid business reason,Flag missing values for review before trusted use,False,Medium,Profiling detected missing values in this column,Generated from missing-value_profile.csv,Missing_Count=15; Missing_Pct=32.61
DQ-0023,Access_Control,Reason,Validity,Low-cardinality categorical values should use a controlled vocabulary,Standardise known casing or spelling variants and flag unknown categories,True,Medium,Profile shows a small set of repeated categorical values,Generated from datasheet-column-level.csv,Unique_Count=3; Sample_Values=Anti-passback | Anti-passback | Expired training
DQ-0024,All datasets,Comment / Description,Data dictionary guidance,"Review for identifiers, allegations and unsupported claims","Use this guidance to decide whether to auto-correct, flag, exclude, or reconcile",False,High,Human-entered context,Generated from data_dictionary.csv,Sensitivity=Potentially sensitive
DQ-0025,All datasets,Date/time fields,Data dictionary guidance,One consistent timezone and format,"Use this guidance to decide whether to auto-correct, flag, exclude, or reconcile",False,Medium,Recorded event timestamps,Generated from data_dictionary.csv,Sensitivity=Internal
DQ-0026,All datasets,Record identifier,Data dictionary guidance,Should be unique and nonblank,"Use this guidance to decide whether to auto-correct, flag, exclude, or reconcile",False,Medium,Unique event or record key,Generated from data_dictionary.csv,Sensitivity=Internal
DQ-0027,Delays_Downtime,Approved_By,Completeness,Missing values must be explained by a valid business reason,Flag missing values for review before trusted use,False,Medium,Profiling detected missing values in this column,Generated from missing-value_profile.csv,Missing_Count=15; Missing_Pct=32.61
DQ-0028,Delays_Downtime,Approved_By,Validity,Low-cardinality categorical values should use a controlled vocabulary,Standardise known casing or spelling variants and flag unknown categories,True,Medium,Profile shows a small set of repeated categorical values,Generated from datasheet-column-level.csv,Unique_Count=2; Sample_Values=SUP01 | SUP01 | SUP01
DQ-0029,Delays_Downtime,Cause_Code,Validity,Low-cardinality categorical values should use a controlled vocabulary,Standardise known casing or spelling variants and flag unknown categories,True,Medium,Profile shows a small set of repeated categorical values,Generated from datasheet-column-level.csv,Unique_Count=4; Sample_Values=UNK | ENV | ENV
DQ-0030,Delays_Downtime,Comment,Completeness,Missing values must be explained by a valid business reason,Flag missing values for review before trusted use,False,Medium,Profiling detected missing values in this column,Generated from missing-value_profile.csv,Missing_Count=10; Missing_Pct=21.74
DQ-0031,Delays_Downtime,Delay_Category,Data dictionary guidance,Use controlled categories,"Use this guidance to decide whether to auto-correct, flag, exclude, or reconcile",False,Medium,Reason grouping,Generated from data_dictionary.csv,Sensitivity=Internal
DQ-0032,Delays_Downtime,Delay_Category,Validity,Low-cardinality categorical values should use a controlled vocabulary,Standardise known casing or spelling variants and flag unknown categories,True,Medium,Profile shows a small set of repeated categorical values,Generated from datasheet-column-level.csv,Unique_Count=7; Sample_Values=Weather | mechanical | Weather
DQ-0033,Delays_Downtime,Delay_ID,Completeness,Primary identifier must be populated,Flag missing primary identifiers as exceptions,False,Critical,Blank primary identifiers break traceability,Generated from datasheet-column-level.csv,Missing_Count=0
DQ-0034,Delays_Downtime,Delay_ID,Uniqueness,Identifier should be unique at the dataset grain,Flag duplicate identifiers and retain raw rows for review,False,Critical,Primary identifier duplication breaks trusted row grain,Generated from datasheet-column-level.csv,Row_Count=46; Unique_Count=45; Duplicate_Value_Count=2
DQ-0035,Delays_Downtime,Delay_ID,Validity,Identifier should match DLY followed by four digits,Flag missing or malformed identifier values,False,High,Identifier format supports row-level audit and joins,Generated from datasheet-column-level.csv,Column ends with _ID; Unique_Count=45
DQ-0036,Delays_Downtime,Duration,Completeness,Missing values must be explained by a valid business reason,Flag missing values for review before trusted use,False,Low,Profiling detected missing values in this column,Generated from missing-value_profile.csv,Missing_Count=1; Missing_Pct=2.17
DQ-0037,Delays_Downtime,Duration,Plausibility,Numeric value should not be negative unless the data dictionary permits it,Flag negative values for review,False,High,Numeric profile detected values below zero,Generated from Delays_Downtime_numeric_profile.csv,min=-45.0
DQ-0038,Delays_Downtime,Duration,Plausibility,Extreme numeric outliers should be reviewed before trusted use,Flag statistical outliers for review,False,High,Profile max is more than ten times the upper quartile,Generated from Delays_Downtime_numeric_profile.csv,75%=90.0; max=14400.0
DQ-0039,Delays_Downtime,Duration / Duration_Unit,Data dictionary guidance,Must align with start and end timestamps,"Use this guidance to decide whether to auto-correct, flag, exclude, or reconcile",False,Medium,Recorded delay magnitude,Generated from data_dictionary.csv,Sensitivity=Internal
DQ-0040,Delays_Downtime,Duration_Unit,Consistency,Unit values must be canonical before numeric comparison,Standardise supported units and log each conversion,True,High,Unit columns control whether numeric values are comparable,Generated from datasheet-column-level.csv,Unique_Count=2; Sample_Values=minutes | minutes | minutes
DQ-0041,Delays_Downtime,End_Time,Validity,Date/time values should parse to a single ISO date or datetime standard,Standardise parseable values and flag ambiguous or unparseable values,True,High,Profile shows date/time-like field requiring consistent parsing,Generated from datasheet-column-level.csv,Sample_Values=07/01/2026 12:45 PM | 2026/07/01 18:30 | 2026-07-02 00:45:00
DQ-0042,Delays_Downtime,Entire row,Uniqueness,Exact duplicate rows should not appear in the trusted layer,Flag duplicate rows and exclude later duplicates only after logging,False,High,Exact duplicate rows can inflate operational counts,Generated from datasheet_Highlevel_inventory.csv,Duplicate_Rows_Detected=1
DQ-0043,Delays_Downtime,Equipment_Name,Privacy,Potentially sensitive fields should be purpose-limited before analytical use,Flag field for privacy-aware handling in cleaned and trusted layers,False,High,"Privacy inventory detected identity, proxy, or sensitive attribute",Generated from privacy_sensitive_fields.csv,Potential_Sensitivity=True
DQ-0044,Delays_Downtime,Operator_ID,Privacy,Potentially sensitive fields should be purpose-limited before analytical use,Flag field for privacy-aware handling in cleaned and trusted layers,False,High,"Privacy inventory detected identity, proxy, or sensitive attribute",Generated from privacy_sensitive_fields.csv,Potential_Sensitivity=True
DQ-0045,Delays_Downtime,Operator_ID,Validity,Identifier should match OP followed by four digits,Flag missing or malformed identifier values,False,High,Identifier format supports row-level audit and joins,Generated from datasheet-column-level.csv,Column ends with _ID; Unique_Count=8
DQ-0046,Delays_Downtime,Start_Time,Validity,Date/time values should parse to a single ISO date or datetime standard,Standardise parseable values and flag ambiguous or unparseable values,True,High,Profile shows date/time-like field requiring consistent parsing,Generated from datasheet-column-level.csv,Sample_Values=01/07/2026 12:00 | 07/01/2026 06:00 PM | 2026/07/02 00:00
DQ-0047,Delays_Downtime,Start_Time|End_Time,Temporal integrity,End_Time must be after Start_Time,Flag temporal contradictions for review,False,Critical,"Timestamp ordering affects duration, validity, or workflow status",Generated from recognised timestamp column pairs,"Detected columns: Start_Time, End_Time"
DQ-0048,Environmental_Readings,Calibration_Due,Validity,Date/time values should parse to a single ISO date or datetime standard,Standardise parseable values and flag ambiguous or unparseable values,True,High,Profile shows date/time-like field requiring consistent parsing,Generated from datasheet-column-level.csv,Sample_Values=02/08/2026 | 08/03/2026 | 2026/08/04
DQ-0049,Environmental_Readings,Comment,Completeness,Missing values must be explained by a valid business reason,Flag missing values for review before trusted use,False,Low,Profiling detected missing values in this column,Generated from missing-value_profile.csv,Missing_Count=8; Missing_Pct=17.39
DQ-0050,Environmental_Readings,Entire row,Uniqueness,Exact duplicate rows should not appear in the trusted layer,Flag duplicate rows and exclude later duplicates only after logging,False,High,Exact duplicate rows can inflate operational counts,Generated from datasheet_Highlevel_inventory.csv,Duplicate_Rows_Detected=1
DQ-0051,Environmental_Readings,Location,Validity,Low-cardinality categorical values should use a controlled vocabulary,Standardise known casing or spelling variants and flag unknown categories,True,Medium,Profile shows a small set of repeated categorical values,Generated from datasheet-column-level.csv,Unique_Count=3; Sample_Values=North Pit | North Pit | South Pit
DQ-0052,Environmental_Readings,Quality_Flag,Completeness,Missing values must be explained by a valid business reason,Flag missing values for review before trusted use,False,Medium,Profiling detected missing values in this column,Generated from missing-value_profile.csv,Missing_Count=15; Missing_Pct=32.61
DQ-0053,Environmental_Readings,Quality_Flag,Validity,Low-cardinality categorical values should use a controlled vocabulary,Standardise known casing or spelling variants and flag unknown categories,True,Medium,Profile shows a small set of repeated categorical values,Generated from datasheet-column-level.csv,Unique_Count=3; Sample_Values=Good | Suspect | Estimated
DQ-0054,Environmental_Readings,Reading_ID,Completeness,Primary identifier must be populated,Flag missing primary identifiers as exceptions,False,Critical,Blank primary identifiers break traceability,Generated from datasheet-column-level.csv,Missing_Count=0
DQ-0055,Environmental_Readings,Reading_ID,Uniqueness,Identifier should be unique at the dataset grain,Flag duplicate identifiers and retain raw rows for review,False,Critical,Primary identifier duplication breaks trusted row grain,Generated from datasheet-column-level.csv,Row_Count=46; Unique_Count=45; Duplicate_Value_Count=2
DQ-0056,Environmental_Readings,Reading_ID,Validity,Identifier should match ENV followed by four digits,Flag missing or malformed identifier values,False,High,Identifier format supports row-level audit and joins,Generated from datasheet-column-level.csv,Column ends with _ID; Unique_Count=45
DQ-0057,Environmental_Readings,Reading_Time,Validity,Date/time values should parse to a single ISO date or datetime standard,Standardise parseable values and flag ambiguous or unparseable values,True,High,Profile shows date/time-like field requiring consistent parsing,Generated from datasheet-column-level.csv,Sample_Values=01/07/2026 09:00 | 07/01/2026 12:00 PM | 2026/07/01 15:00
DQ-0058,Environmental_Readings,Reading_Time|Calibration_Due,Temporal integrity,Calibration_Due should not be before Reading_Time,Flag temporal contradictions for review,False,Critical,"Timestamp ordering affects duration, validity, or workflow status",Generated from recognised timestamp column pairs,"Detected columns: Reading_Time, Calibration_Due"
DQ-0059,Environmental_Readings,Reading_Type,Validity,Low-cardinality categorical values should use a controlled vocabulary,Standardise known casing or spelling variants and flag unknown categories,True,Medium,Profile shows a small set of repeated categorical values,Generated from datasheet-column-level.csv,Unique_Count=4; Sample_Values=Rainfall | Rainfall | Temperature
DQ-0060,Environmental_Readings,Sensor_ID,Validity,Identifier should match SNS dash two digits,Flag missing or malformed identifier values,False,High,Identifier format supports row-level audit and joins,Generated from datasheet-column-level.csv,Column ends with _ID; Unique_Count=5
DQ-0061,Environmental_Readings,Unit,Consistency,Unit values must be canonical before numeric comparison,Standardise supported units and log each conversion,True,High,Unit columns control whether numeric values are comparable,Generated from datasheet-column-level.csv,Unique_Count=5; Sample_Values=mm | mm | C
DQ-0062,Environmental_Readings,Value,Plausibility,Numeric value should not be negative unless the data dictionary permits it,Flag negative values for review,False,High,Numeric profile detected values below zero,Generated from Environmental_Readings_numeric_profile.csv,min=-25.0
DQ-0063,Environmental_Readings,Value,Plausibility,Extreme numeric outliers should be reviewed before trusted use,Flag statistical outliers for review,False,High,Profile max is more than ten times the upper quartile,Generated from Environmental_Readings_numeric_profile.csv,75%=32.075; max=9999.0
DQ-0064,Environmental_Readings,Value / Unit,Data dictionary guidance,Interpret only with matching unit and quality flag,"Use this guidance to decide whether to auto-correct, flag, exclude, or reconcile",False,Medium,Environmental measurement,Generated from data_dictionary.csv,Sensitivity=Internal
DQ-0065,Equipment_Events,Comment,Completeness,Missing values must be explained by a valid business reason,Flag missing values for review before trusted use,False,Medium,Profiling detected missing values in this column,Generated from missing-value_profile.csv,Missing_Count=15; Missing_Pct=32.61
DQ-0066,Equipment_Events,Entire row,Uniqueness,Exact duplicate rows should not appear in the trusted layer,Flag duplicate rows and exclude later duplicates only after logging,False,High,Exact duplicate rows can inflate operational counts,Generated from datasheet_Highlevel_inventory.csv,Duplicate_Rows_Detected=1
DQ-0067,Equipment_Events,Equipment_Name,Completeness,Missing values must be explained by a valid business reason,Flag missing values for review before trusted use,False,Low,Profiling detected missing values in this column,Generated from missing-value_profile.csv,Missing_Count=1; Missing_Pct=2.17
DQ-0068,Equipment_Events,Equipment_Name,Data dictionary guidance,"Canonical examples: TRK001, EXC001","Use this guidance to decide whether to auto-correct, flag, exclude, or reconcile",False,Medium,Asset identifier or alias,Generated from data_dictionary.csv,Sensitivity=Internal
DQ-0069,Equipment_Events,Equipment_Name,Privacy,Potentially sensitive fields should be purpose-limited before analytical use,Flag field for privacy-aware handling in cleaned and trusted layers,False,High,"Privacy inventory detected identity, proxy, or sensitive attribute",Generated from privacy_sensitive_fields.csv,Potential_Sensitivity=True
DQ-0070,Equipment_Events,Event_ID,Completeness,Primary identifier must be populated,Flag missing primary identifiers as exceptions,False,Critical,Blank primary identifiers break traceability,Generated from datasheet-column-level.csv,Missing_Count=0
DQ-0071,Equipment_Events,Event_ID,Uniqueness,Identifier should be unique at the dataset grain,Flag duplicate identifiers and retain raw rows for review,False,Critical,Primary identifier duplication breaks trusted row grain,Generated from datasheet-column-level.csv,Row_Count=46; Unique_Count=45; Duplicate_Value_Count=2
DQ-0072,Equipment_Events,Event_ID,Validity,Identifier should match EVT followed by four digits,Flag missing or malformed identifier values,False,High,Identifier format supports row-level audit and joins,Generated from datasheet-column-level.csv,Column ends with _ID; Unique_Count=45
DQ-0073,Equipment_Events,Event_Time,Validity,Date/time values should parse to a single ISO date or datetime standard,Standardise parseable values and flag ambiguous or unparseable values,True,High,Profile shows date/time-like field requiring consistent parsing,Generated from datasheet-column-level.csv,Sample_Values=01/07/2026 11:00 | 07/01/2026 04:00 PM | 2026/07/01 21:00
DQ-0074,Equipment_Events,Event_Type,Validity,Low-cardinality categorical values should use a controlled vocabulary,Standardise known casing or spelling variants and flag unknown categories,True,Medium,Profile shows a small set of repeated categorical values,Generated from datasheet-column-level.csv,Unique_Count=7; Sample_Values=Idle | start | Inspection
DQ-0075,Equipment_Events,Location,Validity,Low-cardinality categorical values should use a controlled vocabulary,Standardise known casing or spelling variants and flag unknown categories,True,Medium,Profile shows a small set of repeated categorical values,Generated from datasheet-column-level.csv,Unique_Count=3; Sample_Values=Workshop | Workshop | South Pit
DQ-0076,Equipment_Events,Meter_Reading,Plausibility,Extreme numeric outliers should be reviewed before trusted use,Flag statistical outliers for review,False,High,Profile max is more than ten times the upper quartile,Generated from Equipment_Events_numeric_profile.csv,75%=1253.675; max=999999.0
DQ-0077,Equipment_Events,Meter_Reading / Meter_Unit,Data dictionary guidance,Units must be normalised before comparison,"Use this guidance to decide whether to auto-correct, flag, exclude, or reconcile",False,Medium,Equipment meter value and unit,Generated from data_dictionary.csv,Sensitivity=Internal
DQ-0078,Equipment_Events,Meter_Unit,Consistency,Unit values must be canonical before numeric comparison,Standardise supported units and log each conversion,True,High,Unit columns control whether numeric values are comparable,Generated from datasheet-column-level.csv,Unique_Count=2; Sample_Values=hours | hours | hours
DQ-0079,Equipment_Events,Operator_ID,Privacy,Potentially sensitive fields should be purpose-limited before analytical use,Flag field for privacy-aware handling in cleaned and trusted layers,False,High,"Privacy inventory detected identity, proxy, or sensitive attribute",Generated from privacy_sensitive_fields.csv,Potential_Sensitivity=True
DQ-0080,Equipment_Events,Operator_ID,Validity,Identifier should match OP followed by four digits,Flag missing or malformed identifier values,False,High,Identifier format supports row-level audit and joins,Generated from datasheet-column-level.csv,Column ends with _ID; Unique_Count=8
DQ-0081,Equipment_Events,Source_System,Validity,Low-cardinality categorical values should use a controlled vocabulary,Standardise known casing or spelling variants and flag unknown categories,True,Medium,Profile shows a small set of repeated categorical values,Generated from datasheet-column-level.csv,Unique_Count=1; Sample_Values=Telemetry-A | Telemetry-A | Telemetry-A
DQ-0082,Equipment_Events,Status,Validity,Low-cardinality categorical values should use a controlled vocabulary,Standardise known casing or spelling variants and flag unknown categories,True,Medium,Profile shows a small set of repeated categorical values,Generated from datasheet-column-level.csv,Unique_Count=4; Sample_Values=Complete | Open | Complete
DQ-0083,Maintenance_Notifications,Actual_End,Completeness,Missing values must be explained by a valid business reason,Flag missing values for review before trusted use,False,Low,Profiling detected missing values in this column,Generated from missing-value_profile.csv,Missing_Count=1; Missing_Pct=2.17
DQ-0084,Maintenance_Notifications,Actual_End,Validity,Date/time values should parse to a single ISO date or datetime standard,Standardise parseable values and flag ambiguous or unparseable values,True,High,Profile shows date/time-like field requiring consistent parsing,Generated from datasheet-column-level.csv,Sample_Values=2026-07-02 15:00:00 | 03/07/2026 06:00 | 07/03/2026 02:00 AM
DQ-0085,Maintenance_Notifications,Actual_Start,Validity,Date/time values should parse to a single ISO date or datetime standard,Standardise parseable values and flag ambiguous or unparseable values,True,High,Profile shows date/time-like field requiring consistent parsing,Generated from datasheet-column-level.csv,Sample_Values=2026/07/02 13:00 | 2026-07-03 04:00:00 | 03/07/2026 01:00
DQ-0086,Maintenance_Notifications,Actual_Start|Actual_End,Temporal integrity,Actual_End must be after Actual_Start when both are populated,Flag temporal contradictions for review,False,Critical,"Timestamp ordering affects duration, validity, or workflow status",Generated from recognised timestamp column pairs,"Detected columns: Actual_Start, Actual_End"
DQ-0087,Maintenance_Notifications,Downtime_Hours,Data dictionary guidance,Should reconcile with actual timestamps,"Use this guidance to decide whether to auto-correct, flag, exclude, or reconcile",False,Medium,Recorded outage duration,Generated from data_dictionary.csv,Sensitivity=Internal
DQ-0088,Maintenance_Notifications,Downtime_Hours,Plausibility,Numeric value should not be negative unless the data dictionary permits it,Flag negative values for review,False,High,Numeric profile detected values below zero,Generated from Maintenance_Notifications_numeric_profile.csv,min=-4.0
DQ-0089,Maintenance_Notifications,Downtime_Hours,Plausibility,Hour values should be non-negative and plausible for the operating window,Flag impossible or extreme hour values,False,High,Hour-based measures directly affect availability and downtime analysis,Generated from Maintenance_Notifications_numeric_profile.csv,min=-4.0; max=18.0
DQ-0090,Maintenance_Notifications,Downtime_Hours,Validity,Date/time values should parse to a single ISO date or datetime standard,Standardise parseable values and flag ambiguous or unparseable values,True,High,Profile shows date/time-like field requiring consistent parsing,Generated from datasheet-column-level.csv,Sample_Values=2 | 2 | 1
DQ-0091,Maintenance_Notifications,Entire row,Uniqueness,Exact duplicate rows should not appear in the trusted layer,Flag duplicate rows and exclude later duplicates only after logging,False,High,Exact duplicate rows can inflate operational counts,Generated from datasheet_Highlevel_inventory.csv,Duplicate_Rows_Detected=1
DQ-0092,Maintenance_Notifications,Equipment_Name,Privacy,Potentially sensitive fields should be purpose-limited before analytical use,Flag field for privacy-aware handling in cleaned and trusted layers,False,High,"Privacy inventory detected identity, proxy, or sensitive attribute",Generated from privacy_sensitive_fields.csv,Potential_Sensitivity=True
DQ-0093,Maintenance_Notifications,Fault_Code,Validity,Low-cardinality categorical values should use a controlled vocabulary,Standardise known casing or spelling variants and flag unknown categories,True,Medium,Profile shows a small set of repeated categorical values,Generated from datasheet-column-level.csv,Unique_Count=4; Sample_Values=ELC03 | ELC03 | ENG01
DQ-0094,Maintenance_Notifications,Notification_ID,Completeness,Primary identifier must be populated,Flag missing primary identifiers as exceptions,False,Critical,Blank primary identifiers break traceability,Generated from datasheet-column-level.csv,Missing_Count=0
DQ-0095,Maintenance_Notifications,Notification_ID,Uniqueness,Identifier should be unique at the dataset grain,Flag duplicate identifiers and retain raw rows for review,False,Critical,Primary identifier duplication breaks trusted row grain,Generated from datasheet-column-level.csv,Row_Count=46; Unique_Count=45; Duplicate_Value_Count=2
DQ-0096,Maintenance_Notifications,Notification_ID,Validity,Identifier should match MNT followed by four digits,Flag missing or malformed identifier values,False,High,Identifier format supports row-level audit and joins,Generated from datasheet-column-level.csv,Column ends with _ID; Unique_Count=45
DQ-0097,Maintenance_Notifications,Notification_Type,Validity,Low-cardinality categorical values should use a controlled vocabulary,Standardise known casing or spelling variants and flag unknown categories,True,Medium,Profile shows a small set of repeated categorical values,Generated from datasheet-column-level.csv,Unique_Count=4; Sample_Values=break down | Planned | break down
DQ-0098,Maintenance_Notifications,Planned_Start,Validity,Date/time values should parse to a single ISO date or datetime standard,Standardise parseable values and flag ambiguous or unparseable values,True,High,Profile shows date/time-like field requiring consistent parsing,Generated from datasheet-column-level.csv,Sample_Values=07/02/2026 01:00 PM | 2026/07/02 20:00 | 2026-07-03 03:00:00
DQ-0099,Maintenance_Notifications,Priority,Validity,Low-cardinality categorical values should use a controlled vocabulary,Standardise known casing or spelling variants and flag unknown categories,True,Medium,Profile shows a small set of repeated categorical values,Generated from datasheet-column-level.csv,Unique_Count=4; Sample_Values=P1 | P2 | P3
DQ-0100,Maintenance_Notifications,Raised_Date,Validity,Date/time values should parse to a single ISO date or datetime standard,Standardise parseable values and flag ambiguous or unparseable values,True,High,Profile shows date/time-like field requiring consistent parsing,Generated from datasheet-column-level.csv,Sample_Values=01/07/2026 13:00 | 07/01/2026 08:00 PM | 2026/07/02 03:00
DQ-0101,Maintenance_Notifications,Reported_By,Validity,Low-cardinality categorical values should use a controlled vocabulary,Standardise known casing or spelling variants and flag unknown categories,True,Medium,Profile shows a small set of repeated categorical values,Generated from datasheet-column-level.csv,Unique_Count=3; Sample_Values=OP1001 | SUP01 | SYSTEM
DQ-0102,Maintenance_Notifications,Status,Validity,Low-cardinality categorical values should use a controlled vocabulary,Standardise known casing or spelling variants and flag unknown categories,True,Medium,Profile shows a small set of repeated categorical values,Generated from datasheet-column-level.csv,Unique_Count=3; Sample_Values=In Progress | Open | In Progress
DQ-0103,Maintenance_Notifications,Work_Order_ID,Completeness,Primary identifier must be populated,Flag missing primary identifiers as exceptions,False,Critical,Blank primary identifiers break traceability,Generated from datasheet-column-level.csv,Missing_Count=0
DQ-0104,Maintenance_Notifications,Work_Order_ID,Uniqueness,Identifier should be unique at the dataset grain,Flag duplicate identifiers and retain raw rows for review,False,Critical,Primary identifier duplication breaks trusted row grain,Generated from datasheet-column-level.csv,Row_Count=46; Unique_Count=45; Duplicate_Value_Count=2
DQ-0105,Maintenance_Notifications,Work_Order_ID,Validity,Identifier should match WO dash five digits,Flag missing or malformed identifier values,False,High,Identifier format supports row-level audit and joins,Generated from datasheet-column-level.csv,Column ends with _ID; Unique_Count=45
DQ-0106,Operator_Activities,Activity_End,Validity,Date/time values should parse to a single ISO date or datetime standard,Standardise parseable values and flag ambiguous or unparseable values,True,High,Profile shows date/time-like field requiring consistent parsing,Generated from datasheet-column-level.csv,Sample_Values=2026/07/01 15:00 | 2026-07-01 19:00:00 | 01/07/2026 23:00
DQ-0107,Operator_Activities,Activity_ID,Completeness,Primary identifier must be populated,Flag missing primary identifiers as exceptions,False,Critical,Blank primary identifiers break traceability,Generated from datasheet-column-level.csv,Missing_Count=0
DQ-0108,Operator_Activities,Activity_ID,Uniqueness,Identifier should be unique at the dataset grain,Flag duplicate identifiers and retain raw rows for review,False,Critical,Primary identifier duplication breaks trusted row grain,Generated from datasheet-column-level.csv,Row_Count=46; Unique_Count=45; Duplicate_Value_Count=2
DQ-0109,Operator_Activities,Activity_ID,Validity,Identifier should match ACT followed by four digits,Flag missing or malformed identifier values,False,High,Identifier format supports row-level audit and joins,Generated from datasheet-column-level.csv,Column ends with _ID; Unique_Count=45
DQ-0110,Operator_Activities,Activity_Start,Validity,Date/time values should parse to a single ISO date or datetime standard,Standardise parseable values and flag ambiguous or unparseable values,True,High,Profile shows date/time-like field requiring consistent parsing,Generated from datasheet-column-level.csv,Sample_Values=01/07/2026 11:00 | 07/01/2026 04:00 PM | 2026/07/01 21:00
DQ-0111,Operator_Activities,Activity_Start|Activity_End,Temporal integrity,Activity_End must be after Activity_Start,Flag temporal contradictions for review,False,Critical,"Timestamp ordering affects duration, validity, or workflow status",Generated from recognised timestamp column pairs,"Detected columns: Activity_Start, Activity_End"
DQ-0112,Operator_Activities,Activity_Type,Validity,Low-cardinality categorical values should use a controlled vocabulary,Standardise known casing or spelling variants and flag unknown categories,True,Medium,Profile shows a small set of repeated categorical values,Generated from datasheet-column-level.csv,Unique_Count=5; Sample_Values=Hauling | Break | hualing
DQ-0113,Operator_Activities,Comment,Completeness,Missing values must be explained by a valid business reason,Flag missing values for review before trusted use,False,Low,Profiling detected missing values in this column,Generated from missing-value_profile.csv,Missing_Count=6; Missing_Pct=13.04
DQ-0114,Operator_Activities,Contractor_Group,Validity,Low-cardinality categorical values should use a controlled vocabulary,Standardise known casing or spelling variants and flag unknown categories,True,Medium,Profile shows a small set of repeated categorical values,Generated from datasheet-column-level.csv,Unique_Count=3; Sample_Values=Contractor-B | Contractor-A | Contractor-C
DQ-0115,Operator_Activities,Email,Privacy,Potentially sensitive fields should be purpose-limited before analytical use,Flag field for privacy-aware handling in cleaned and trusted layers,False,High,"Privacy inventory detected identity, proxy, or sensitive attribute",Generated from privacy_sensitive_fields.csv,Potential_Sensitivity=True
DQ-0116,Operator_Activities,Email,Validity,Low-cardinality categorical values should use a controlled vocabulary,Standardise known casing or spelling variants and flag unknown categories,True,Medium,Profile shows a small set of repeated categorical values,Generated from datasheet-column-level.csv,Unique_Count=8; Sample_Values=aisha.naidoo@example.test | thabo.dlamini@example.test | mia.jacobs@example.test
DQ-0117,Operator_Activities,Entire row,Uniqueness,Exact duplicate rows should not appear in the trusted layer,Flag duplicate rows and exclude later duplicates only after logging,False,High,Exact duplicate rows can inflate operational counts,Generated from datasheet_Highlevel_inventory.csv,Duplicate_Rows_Detected=1
DQ-0118,Operator_Activities,Equipment_Name,Privacy,Potentially sensitive fields should be purpose-limited before analytical use,Flag field for privacy-aware handling in cleaned and trusted layers,False,High,"Privacy inventory detected identity, proxy, or sensitive attribute",Generated from privacy_sensitive_fields.csv,Potential_Sensitivity=True
DQ-0119,Operator_Activities,Home_Zone,Privacy,Potentially sensitive fields should be purpose-limited before analytical use,Flag field for privacy-aware handling in cleaned and trusted layers,False,High,"Privacy inventory detected identity, proxy, or sensitive attribute",Generated from privacy_sensitive_fields.csv,Potential_Sensitivity=True
DQ-0120,Operator_Activities,Home_Zone,Validity,Low-cardinality categorical values should use a controlled vocabulary,Standardise known casing or spelling variants and flag unknown categories,True,Medium,Profile shows a small set of repeated categorical values,Generated from datasheet-column-level.csv,Unique_Count=4; Sample_Values=Zone-West | Zone-East | Zone-South
DQ-0121,Operator_Activities,"Home_Zone, Contractor_Group",Data dictionary guidance,May identify or disadvantage groups,"Use this guidance to decide whether to auto-correct, flag, exclude, or reconcile",False,High,Indirect or proxy attributes,Generated from data_dictionary.csv,Sensitivity=Potentially sensitive
DQ-0122,Operator_Activities,Mobile_Number,Privacy,Potentially sensitive fields should be purpose-limited before analytical use,Flag field for privacy-aware handling in cleaned and trusted layers,False,High,"Privacy inventory detected identity, proxy, or sensitive attribute",Generated from privacy_sensitive_fields.csv,Potential_Sensitivity=True
DQ-0123,Operator_Activities,Mobile_Number,Validity,Low-cardinality categorical values should use a controlled vocabulary,Standardise known casing or spelling variants and flag unknown categories,True,Medium,Profile shows a small set of repeated categorical values,Generated from datasheet-column-level.csv,Unique_Count=8; Sample_Values=082-555-0102 | 0835550103 | 060 555 0104
DQ-0124,Operator_Activities,Operator_ID,Completeness,Missing values must be explained by a valid business reason,Flag missing values for review before trusted use,False,High,Profiling detected missing values in this column,Generated from missing-value_profile.csv,Missing_Count=1; Missing_Pct=2.17
DQ-0125,Operator_Activities,Operator_ID,Privacy,Potentially sensitive fields should be purpose-limited before analytical use,Flag field for privacy-aware handling in cleaned and trusted layers,False,High,"Privacy inventory detected identity, proxy, or sensitive attribute",Generated from privacy_sensitive_fields.csv,Potential_Sensitivity=True
DQ-0126,Operator_Activities,Operator_ID,Validity,Identifier should match OP followed by four digits,Flag missing or malformed identifier values,False,High,Identifier format supports row-level audit and joins,Generated from datasheet-column-level.csv,Column ends with _ID; Unique_Count=8
DQ-0127,Operator_Activities,Operator_Name,Privacy,Potentially sensitive fields should be purpose-limited before analytical use,Flag field for privacy-aware handling in cleaned and trusted layers,False,High,"Privacy inventory detected identity, proxy, or sensitive attribute",Generated from privacy_sensitive_fields.csv,Potential_Sensitivity=True
DQ-0128,Operator_Activities,Operator_Name,Validity,Low-cardinality categorical values should use a controlled vocabulary,Standardise known casing or spelling variants and flag unknown categories,True,Medium,Profile shows a small set of repeated categorical values,Generated from datasheet-column-level.csv,Unique_Count=8; Sample_Values=Aisha Naidoo | Thabo Dlamini | Mia Jacobs
DQ-0129,Operator_Activities,"Operator_Name, Email, Mobile_Number",Data dictionary guidance,Use only if necessary for stated purpose,"Use this guidance to decide whether to auto-correct, flag, exclude, or reconcile",False,High,Direct identifiers,Generated from data_dictionary.csv,Sensitivity=Personal
DQ-0130,Operator_Activities,Quantity,Plausibility,Extreme numeric outliers should be reviewed before trusted use,Flag statistical outliers for review,False,High,Profile max is more than ten times the upper quartile,Generated from Operator_Activities_numeric_profile.csv,75%=9.5; max=450.0
DQ-0131,Operator_Activities,Quantity / Quantity_Unit,Data dictionary guidance,Do not combine mixed units,"Use this guidance to decide whether to auto-correct, flag, exclude, or reconcile",False,Medium,Recorded output quantity,Generated from data_dictionary.csv,Sensitivity=Internal
DQ-0132,Operator_Activities,Quantity_Unit,Consistency,Unit values must be canonical before numeric comparison,Standardise supported units and log each conversion,True,High,Unit columns control whether numeric values are comparable,Generated from datasheet-column-level.csv,Unique_Count=2; Sample_Values=loads | loads | loads
DQ-0133,Operator_Activities,Supervisor_ID,Validity,Identifier should match SUP followed by two digits,Flag missing or malformed identifier values,False,High,Identifier format supports row-level audit and joins,Generated from datasheet-column-level.csv,Column ends with _ID; Unique_Count=3
DQ-0134,Safety_Observations,Attachment_Name,Completeness,Missing values must be explained by a valid business reason,Flag missing values for review before trusted use,False,Medium,Profiling detected missing values in this column,Generated from missing-value_profile.csv,Missing_Count=15; Missing_Pct=32.61
DQ-0135,Safety_Observations,Attachment_Name,Privacy,Potentially sensitive fields should be purpose-limited before analytical use,Flag field for privacy-aware handling in cleaned and trusted layers,False,High,"Privacy inventory detected identity, proxy, or sensitive attribute",Generated from privacy_sensitive_fields.csv,Potential_Sensitivity=True
DQ-0136,Safety_Observations,Attachment_Name,Validity,Low-cardinality categorical values should use a controlled vocabulary,Standardise known casing or spelling variants and flag unknown categories,True,Medium,Profile shows a small set of repeated categorical values,Generated from datasheet-column-level.csv,Unique_Count=2; Sample_Values=obs-note.pdf | obs-note.pdf | photo_01.jpg
DQ-0137,Safety_Observations,Category,Validity,Low-cardinality categorical values should use a controlled vocabulary,Standardise known casing or spelling variants and flag unknown categories,True,Medium,Profile shows a small set of repeated categorical values,Generated from datasheet-column-level.csv,Unique_Count=7; Sample_Values=Saftey | PPE | Vehicle Interaction
DQ-0138,Safety_Observations,Closed_Date,Completeness,Missing values must be explained by a valid business reason,Flag missing values for review before trusted use,False,High,Profiling detected missing values in this column,Generated from missing-value_profile.csv,Missing_Count=32; Missing_Pct=69.57
DQ-0139,Safety_Observations,Closed_Date,Validity,Date/time values should parse to a single ISO date or datetime standard,Standardise parseable values and flag ambiguous or unparseable values,True,High,Profile shows date/time-like field requiring consistent parsing,Generated from datasheet-column-level.csv,Sample_Values=07/05/2026 03:00 AM | 07/01/2026 12:00 PM | 2026-07-05 21:00:00
DQ-0140,Safety_Observations,Description,Completeness,Missing values must be explained by a valid business reason,Flag missing values for review before trusted use,False,Medium,Profiling detected missing values in this column,Generated from missing-value_profile.csv,Missing_Count=10; Missing_Pct=21.74
DQ-0141,Safety_Observations,Description,Data dictionary guidance,May contain identifiers or allegations,"Use this guidance to decide whether to auto-correct, flag, exclude, or reconcile",False,High,Free-text safety narrative,Generated from data_dictionary.csv,Sensitivity=Potentially sensitive
DQ-0142,Safety_Observations,Entire row,Uniqueness,Exact duplicate rows should not appear in the trusted layer,Flag duplicate rows and exclude later duplicates only after logging,False,High,Exact duplicate rows can inflate operational counts,Generated from datasheet_Highlevel_inventory.csv,Duplicate_Rows_Detected=1
DQ-0143,Safety_Observations,Equipment_Name,Privacy,Potentially sensitive fields should be purpose-limited before analytical use,Flag field for privacy-aware handling in cleaned and trusted layers,False,High,"Privacy inventory detected identity, proxy, or sensitive attribute",Generated from privacy_sensitive_fields.csv,Potential_Sensitivity=True
DQ-0144,Safety_Observations,Immediate_Action,Completeness,Missing values must be explained by a valid business reason,Flag missing values for review before trusted use,False,Low,Profiling detected missing values in this column,Generated from missing-value_profile.csv,Missing_Count=6; Missing_Pct=13.04
DQ-0145,Safety_Observations,Immediate_Action,Validity,Low-cardinality categorical values should use a controlled vocabulary,Standardise known casing or spelling variants and flag unknown categories,True,Medium,Profile shows a small set of repeated categorical values,Generated from datasheet-column-level.csv,Unique_Count=3; Sample_Values=Coaching provided | Coaching provided | Logged for review
DQ-0146,Safety_Observations,Location,Validity,Low-cardinality categorical values should use a controlled vocabulary,Standardise known casing or spelling variants and flag unknown categories,True,Medium,Profile shows a small set of repeated categorical values,Generated from datasheet-column-level.csv,Unique_Count=3; Sample_Values=South Pit | Workshop | South Pit
DQ-0147,Safety_Observations,Observation_Date,Validity,Date/time values should parse to a single ISO date or datetime standard,Standardise parseable values and flag ambiguous or unparseable values,True,High,Profile shows date/time-like field requiring consistent parsing,Generated from datasheet-column-level.csv,Sample_Values=01/07/2026 15:00 | 07/02/2026 12:00 AM | 2026/07/02 09:00
DQ-0148,Safety_Observations,Observation_Date|Closed_Date,Temporal integrity,Closed_Date must not be before Observation_Date when populated,Flag temporal contradictions for review,False,Critical,"Timestamp ordering affects duration, validity, or workflow status",Generated from recognised timestamp column pairs,"Detected columns: Observation_Date, Closed_Date"
DQ-0149,Safety_Observations,Observation_ID,Completeness,Primary identifier must be populated,Flag missing primary identifiers as exceptions,False,Critical,Blank primary identifiers break traceability,Generated from datasheet-column-level.csv,Missing_Count=0
DQ-0150,Safety_Observations,Observation_ID,Uniqueness,Identifier should be unique at the dataset grain,Flag duplicate identifiers and retain raw rows for review,False,Critical,Primary identifier duplication breaks trusted row grain,Generated from datasheet-column-level.csv,Row_Count=46; Unique_Count=45; Duplicate_Value_Count=2
DQ-0151,Safety_Observations,Observation_ID,Validity,Identifier should match SAF followed by four digits,Flag missing or malformed identifier values,False,High,Identifier format supports row-level audit and joins,Generated from datasheet-column-level.csv,Column ends with _ID; Unique_Count=45
DQ-0152,Safety_Observations,Observed_Person_ID,Data dictionary guidance,Observation is not proof of fault,"Use this guidance to decide whether to auto-correct, flag, exclude, or reconcile",False,High,Person associated with observation,Generated from data_dictionary.csv,Sensitivity=Personal
DQ-0153,Safety_Observations,Observed_Person_ID,Validity,Identifier should match a documented identifier pattern,Flag missing or malformed identifier values,False,High,Identifier format supports row-level audit and joins,Generated from datasheet-column-level.csv,Column ends with _ID; Unique_Count=8
DQ-0154,Safety_Observations,Reporter_ID,Validity,Identifier should match OP or SUP followed by digits,Flag missing or malformed identifier values,False,High,Identifier format supports row-level audit and joins,Generated from datasheet-column-level.csv,Column ends with _ID; Unique_Count=3
DQ-0155,Safety_Observations,Severity,Validity,Low-cardinality categorical values should use a controlled vocabulary,Standardise known casing or spelling variants and flag unknown categories,True,Medium,Profile shows a small set of repeated categorical values,Generated from datasheet-column-level.csv,Unique_Count=5; Sample_Values=low | Low | Low
DQ-0156,Safety_Observations,Status,Validity,Low-cardinality categorical values should use a controlled vocabulary,Standardise known casing or spelling variants and flag unknown categories,True,Medium,Profile shows a small set of repeated categorical values,Generated from datasheet-column-level.csv,Unique_Count=3; Sample_Values=In Review | In Review | In Review
DQ-0157,Shift_Performance,Actual_Hours,Plausibility,Hour values should be non-negative and plausible for the operating window,Flag impossible or extreme hour values,False,High,Hour-based measures directly affect availability and downtime analysis,Generated from Shift_Performance_numeric_profile.csv,min=8.0; max=26.0
DQ-0158,Shift_Performance,Actual_Hours,Validity,Date/time values should parse to a single ISO date or datetime standard,Standardise parseable values and flag ambiguous or unparseable values,True,High,Profile shows date/time-like field requiring consistent parsing,Generated from datasheet-column-level.csv,Sample_Values=9 | 9 | 9
DQ-0159,Shift_Performance,Availability_Pct,Plausibility,Percentage fields should be within the documented percentage scale,Flag values outside the expected range before analysis,False,High,Percentage metrics must be bounded before performance reporting,Generated from Shift_Performance_numeric_profile.csv,min=0.7; max=1.35
DQ-0160,Shift_Performance,"Availability_Pct, Utilisation_Pct",Data dictionary guidance,Expected range 0% to 100%,"Use this guidance to decide whether to auto-correct, flag, exclude, or reconcile",False,Medium,Operational rates,Generated from data_dictionary.csv,Sensitivity=Internal
DQ-0161,Shift_Performance,Crew,Validity,Low-cardinality categorical values should use a controlled vocabulary,Standardise known casing or spelling variants and flag unknown categories,True,Medium,Profile shows a small set of repeated categorical values,Generated from datasheet-column-level.csv,Unique_Count=3; Sample_Values=Charlie | Alpha | Bravo
DQ-0162,Shift_Performance,Entire row,Uniqueness,Exact duplicate rows should not appear in the trusted layer,Flag duplicate rows and exclude later duplicates only after logging,False,High,Exact duplicate rows can inflate operational counts,Generated from datasheet_Highlevel_inventory.csv,Duplicate_Rows_Detected=1
DQ-0163,Shift_Performance,Equipment_Name,Privacy,Potentially sensitive fields should be purpose-limited before analytical use,Flag field for privacy-aware handling in cleaned and trusted layers,False,High,"Privacy inventory detected identity, proxy, or sensitive attribute",Generated from privacy_sensitive_fields.csv,Potential_Sensitivity=True
DQ-0164,Shift_Performance,Fuel_Unit,Consistency,Unit values must be canonical before numeric comparison,Standardise supported units and log each conversion,True,High,Unit columns control whether numeric values are comparable,Generated from datasheet-column-level.csv,Unique_Count=2; Sample_Values=litres | litres | litres
DQ-0165,Shift_Performance,Fuel_Used / Fuel_Unit,Data dictionary guidance,Normalise units,"Use this guidance to decide whether to auto-correct, flag, exclude, or reconcile",False,Medium,Shift fuel usage,Generated from data_dictionary.csv,Sensitivity=Internal
DQ-0166,Shift_Performance,Loads,Plausibility,Numeric value should not be negative unless the data dictionary permits it,Flag negative values for review,False,High,Numeric profile detected values below zero,Generated from Shift_Performance_numeric_profile.csv,min=-3.0
DQ-0167,Shift_Performance,Operator_ID,Privacy,Potentially sensitive fields should be purpose-limited before analytical use,Flag field for privacy-aware handling in cleaned and trusted layers,False,High,"Privacy inventory detected identity, proxy, or sensitive attribute",Generated from privacy_sensitive_fields.csv,Potential_Sensitivity=True
DQ-0168,Shift_Performance,Operator_ID,Validity,Identifier should match OP followed by four digits,Flag missing or malformed identifier values,False,High,Identifier format supports row-level audit and joins,Generated from datasheet-column-level.csv,Column ends with _ID; Unique_Count=8
DQ-0169,Shift_Performance,Scheduled_Hours,Plausibility,Hour values should be non-negative and plausible for the operating window,Flag impossible or extreme hour values,False,Medium,Hour-based measures directly affect availability and downtime analysis,Generated from Shift_Performance_numeric_profile.csv,min=12.0; max=12.0
DQ-0170,Shift_Performance,Shift_Code,Validity,Low-cardinality categorical values should use a controlled vocabulary,Standardise known casing or spelling variants and flag unknown categories,True,Medium,Profile shows a small set of repeated categorical values,Generated from datasheet-column-level.csv,Unique_Count=2; Sample_Values=Day | Night | Day
DQ-0171,Shift_Performance,Shift_Date,Validity,Date/time values should parse to a single ISO date or datetime standard,Standardise parseable values and flag ambiguous or unparseable values,True,High,Profile shows date/time-like field requiring consistent parsing,Generated from datasheet-column-level.csv,Sample_Values=01/07/2026 | 07/01/2026 | 2026/07/02
DQ-0172,Shift_Performance,Shift_Record_ID,Completeness,Primary identifier must be populated,Flag missing primary identifiers as exceptions,False,Critical,Blank primary identifiers break traceability,Generated from datasheet-column-level.csv,Missing_Count=0
DQ-0173,Shift_Performance,Shift_Record_ID,Uniqueness,Identifier should be unique at the dataset grain,Flag duplicate identifiers and retain raw rows for review,False,Critical,Primary identifier duplication breaks trusted row grain,Generated from datasheet-column-level.csv,Row_Count=46; Unique_Count=45; Duplicate_Value_Count=2
DQ-0174,Shift_Performance,Shift_Record_ID,Validity,Identifier should match SHF followed by four digits,Flag missing or malformed identifier values,False,High,Identifier format supports row-level audit and joins,Generated from datasheet-column-level.csv,Column ends with _ID; Unique_Count=45
DQ-0175,Shift_Performance,Supervisor_Comment,Completeness,Missing values must be explained by a valid business reason,Flag missing values for review before trusted use,False,Low,Profiling detected missing values in this column,Generated from missing-value_profile.csv,Missing_Count=8; Missing_Pct=17.39
DQ-0176,Shift_Performance,Utilisation_Pct,Plausibility,Percentage fields should be within the documented percentage scale,Flag values outside the expected range before analysis,False,High,Percentage metrics must be bounded before performance reporting,Generated from Shift_Performance_numeric_profile.csv,min=0.62; max=0.93
DQ-0177,Training_Records,Comment,Completeness,Missing values must be explained by a valid business reason,Flag missing values for review before trusted use,False,Medium,Profiling detected missing values in this column,Generated from missing-value_profile.csv,Missing_Count=15; Missing_Pct=32.61
DQ-0178,Training_Records,Completion_Date,Validity,Date/time values should parse to a single ISO date or datetime standard,Standardise parseable values and flag ambiguous or unparseable values,True,High,Profile shows date/time-like field requiring consistent parsing,Generated from datasheet-column-level.csv,Sample_Values=16/01/2025 | 01/31/2025 | 2025/02/15
DQ-0179,Training_Records,Completion_Date|Expiry_Date,Temporal integrity,Expiry_Date must be after Completion_Date,Flag temporal contradictions for review,False,Critical,"Timestamp ordering affects duration, validity, or workflow status",Generated from recognised timestamp column pairs,"Detected columns: Completion_Date, Expiry_Date"
DQ-0180,Training_Records,Course_Code,Validity,Low-cardinality categorical values should use a controlled vocabulary,Standardise known casing or spelling variants and flag unknown categories,True,Medium,Profile shows a small set of repeated categorical values,Generated from datasheet-column-level.csv,Unique_Count=4; Sample_Values=SAFE01 | EQP02 | EQP02
DQ-0181,Training_Records,Course_Name,Privacy,Potentially sensitive fields should be purpose-limited before analytical use,Flag field for privacy-aware handling in cleaned and trusted layers,False,High,"Privacy inventory detected identity, proxy, or sensitive attribute",Generated from privacy_sensitive_fields.csv,Potential_Sensitivity=True
DQ-0182,Training_Records,Course_Name,Validity,Low-cardinality categorical values should use a controlled vocabulary,Standardise known casing or spelling variants and flag unknown categories,True,Medium,Profile shows a small set of repeated categorical values,Generated from datasheet-column-level.csv,Unique_Count=3; Sample_Values=Operational Safety | Mobile Equipment | Mobile Equipment
DQ-0183,Training_Records,Entire row,Uniqueness,Exact duplicate rows should not appear in the trusted layer,Flag duplicate rows and exclude later duplicates only after logging,False,High,Exact duplicate rows can inflate operational counts,Generated from datasheet_Highlevel_inventory.csv,Duplicate_Rows_Detected=1
DQ-0184,Training_Records,Expiry_Date,Validity,Date/time values should parse to a single ISO date or datetime standard,Standardise parseable values and flag ambiguous or unparseable values,True,High,Profile shows date/time-like field requiring consistent parsing,Generated from datasheet-column-level.csv,Sample_Values=01/16/2027 | 2027/01/31 | 2027-02-15
DQ-0185,Training_Records,Home_Zone,Data dictionary guidance,May indirectly identify individuals,"Use this guidance to decide whether to auto-correct, flag, exclude, or reconcile",False,High,Geographic proxy,Generated from data_dictionary.csv,Sensitivity=Potentially sensitive
DQ-0186,Training_Records,Home_Zone,Privacy,Potentially sensitive fields should be purpose-limited before analytical use,Flag field for privacy-aware handling in cleaned and trusted layers,False,High,"Privacy inventory detected identity, proxy, or sensitive attribute",Generated from privacy_sensitive_fields.csv,Potential_Sensitivity=True
DQ-0187,Training_Records,Home_Zone,Validity,Low-cardinality categorical values should use a controlled vocabulary,Standardise known casing or spelling variants and flag unknown categories,True,Medium,Profile shows a small set of repeated categorical values,Generated from datasheet-column-level.csv,Unique_Count=4; Sample_Values=Zone-West | Zone-East | Zone-South
DQ-0188,Training_Records,Medical_Fitness_Code,Data dictionary guidance,Do not use without appropriate purpose and authority,"Use this guidance to decide whether to auto-correct, flag, exclude, or reconcile",False,Critical,Restricted fitness code,Generated from data_dictionary.csv,Sensitivity=Sensitive personal
DQ-0189,Training_Records,Medical_Fitness_Code,Privacy,Potentially sensitive fields should be purpose-limited before analytical use,Flag field for privacy-aware handling in cleaned and trusted layers,False,High,"Privacy inventory detected identity, proxy, or sensitive attribute",Generated from privacy_sensitive_fields.csv,Potential_Sensitivity=True
DQ-0190,Training_Records,Medical_Fitness_Code,Validity,Low-cardinality categorical values should use a controlled vocabulary,Standardise known casing or spelling variants and flag unknown categories,True,Medium,Profile shows a small set of repeated categorical values,Generated from datasheet-column-level.csv,Unique_Count=3; Sample_Values=MF-R | MF-B | MF-R
DQ-0191,Training_Records,Operator_ID,Privacy,Potentially sensitive fields should be purpose-limited before analytical use,Flag field for privacy-aware handling in cleaned and trusted layers,False,High,"Privacy inventory detected identity, proxy, or sensitive attribute",Generated from privacy_sensitive_fields.csv,Potential_Sensitivity=True
DQ-0192,Training_Records,Operator_ID,Validity,Identifier should match OP followed by four digits,Flag missing or malformed identifier values,False,High,Identifier format supports row-level audit and joins,Generated from datasheet-column-level.csv,Column ends with _ID; Unique_Count=8
DQ-0193,Training_Records,Operator_Name,Privacy,Potentially sensitive fields should be purpose-limited before analytical use,Flag field for privacy-aware handling in cleaned and trusted layers,False,High,"Privacy inventory detected identity, proxy, or sensitive attribute",Generated from privacy_sensitive_fields.csv,Potential_Sensitivity=True
DQ-0194,Training_Records,Operator_Name,Validity,Low-cardinality categorical values should use a controlled vocabulary,Standardise known casing or spelling variants and flag unknown categories,True,Medium,Profile shows a small set of repeated categorical values,Generated from datasheet-column-level.csv,Unique_Count=8; Sample_Values=Aisha Naidoo | Thabo Dlamini | Mia Jacobs
DQ-0195,Training_Records,Provider,Validity,Low-cardinality categorical values should use a controlled vocabulary,Standardise known casing or spelling variants and flag unknown categories,True,Medium,Profile shows a small set of repeated categorical values,Generated from datasheet-column-level.csv,Unique_Count=3; Sample_Values=Provider A | Provider B | Provider A
DQ-0196,Training_Records,Result,Validity,Low-cardinality categorical values should use a controlled vocabulary,Standardise known casing or spelling variants and flag unknown categories,True,Medium,Profile shows a small set of repeated categorical values,Generated from datasheet-column-level.csv,Unique_Count=2; Sample_Values=Pass | Pass | Fail
DQ-0197,Training_Records,Score,Plausibility,Scores should be between 0 and 100,Flag scores outside 0 to 100,False,High,Training score profile indicates values may exceed expected score range,Generated from Training_Records_numeric_profile.csv,min=42.0; max=145.0
DQ-0198,Training_Records,Training_Record_ID,Completeness,Primary identifier must be populated,Flag missing primary identifiers as exceptions,False,Critical,Blank primary identifiers break traceability,Generated from datasheet-column-level.csv,Missing_Count=0
DQ-0199,Training_Records,Training_Record_ID,Uniqueness,Identifier should be unique at the dataset grain,Flag duplicate identifiers and retain raw rows for review,False,Critical,Primary identifier duplication breaks trusted row grain,Generated from datasheet-column-level.csv,Row_Count=46; Unique_Count=45; Duplicate_Value_Count=2
DQ-0200,Training_Records,Training_Record_ID,Validity,Identifier should match TRN followed by four digits,Flag missing or malformed identifier values,False,High,Identifier format supports row-level audit and joins,Generated from datasheet-column-level.csv,Column ends with _ID; Unique_Count=45
